Insee - Statistiques locales; ; ; ; ; 
Référentiel géographique : France par commune; ; ; ; ; 
Sélection : Île-de-France; ; ; ; ; 
Code;Libellé;Nombre d'autres hébergements collectifs de tourisme 2025;Médiane du niveau de vie 2021;Unités légales dans construction (en nombre) 2023;Nb de pers. non scolarisées de 15 ans ou + 2022
75056;Paris;100;29730;18990;1543807
77001;Achères-la-Forêt;0;30970;12;903
77002;Amillis;0;26310;21;638
77003;Amponville;0;28400;6;273
77004;Andrezel;0;28400;5;231
77005;Annet-sur-Marne;0;29060;33;2326
77006;Arbonne-la-Forêt;0;31050;12;769
77007;Argentières;0;28190;8;264
77008;Armentières-en-Brie;0;20940;9;741
77009;Arville;0;25060;3;105
77010;Aubepierre-Ozouer-le-Repos;0;26780;19;702
77011;Aufferville;0;25570;12;373
77012;Augers-en-Brie;0;25100;1;203
77013;Aulnoy;0;29020;5;272
77014;Avon;0;24160;91;10154
77015;Baby;0;22730;1;77
77016;Bagneaux-sur-Loing;0;21340;17;1213
77018;Bailly-Romainvilliers;3;26990;65;4677
77019;Balloy;0;23710;4;257
77020;Bannost-Villegagnon;0;26340;11;457
77021;Barbey;0;26060;1;122
77022;Barbizon;0;37280;7;1036
77023;Barcy;0;26300;2;249
77024;Bassevelle;0;24850;2;272
77025;Bazoches-lès-Bray;0;23620;9;685
77026;Beauchery-Saint-Martin;0;23390;9;278
77027;Beaumont-du-Gâtinais;0;22800;13;834
77029;Beauvoir;0;24810;4;143
77030;Bellot;0;23800;8;580
77031;Bernay-Vilbert;0;27440;19;696
77032;Beton-Bazoches;0;23480;16;657
77033;Bezalles;0;25580;2;159
77034;Blandy;0;28250;6;575
77035;Blennes;0;26060;7;419
77036;Boisdon;0;27790;0;97
77037;Bois-le-Roi;1;33500;41;4389
77038;Boissettes;0;33530;4;320
77039;Boissise-la-Bertrand;0;31310;8;920
77040;Boissise-le-Roi;0;29200;36;2901
77041;Boissy-aux-Cailles;0;29860;4;214
77042;Boissy-le-Châtel;0;25070;40;2442
77043;Boitron;0;25300;2;250
77044;Bombon;0;26870;9;712
77045;Bougligny;0;24030;10;556
77046;Boulancourt;0;25030;4;272
77047;Bouleurs;0;27400;14;1206
77048;Bourron-Marlotte;0;29150;41;2094
77049;Boutigny;0;29300;7;634
77050;Bransles;0;23910;3;422
77051;Bray-sur-Seine;0;20690;25;1788
77052;Bréau;0;28470;2;266
77053;Brie-Comte-Robert;0;25040;222;13583
77054;La Brosse-Montceaux;0;23650;4;566
77055;Brou-sur-Chantereine;0;22750;23;3383
77056;Burcy;0;24360;1;113
77057;Bussières;0;21720;9;362
77058;Bussy-Saint-Georges;0;26270;140;17978
77059;Bussy-Saint-Martin;0;34890;33;531
77060;Buthiers;0;26030;8;574
77061;Cannes-Écluse;0;23840;14;1933
77062;Carnetin;0;29680;11;346
77063;La Celle-sur-Morin;0;26850;14;920
77065;Cély;0;30920;17;946
77066;Cerneux;0;24510;9;202
77067;Cesson;0;27030;68;7442
77068;Cessoy-en-Montois;0;26430;2;171
77069;Chailly-en-Bière;0;27330;28;1657
77070;Chailly-en-Brie;0;24550;13;1056
77071;Chaintreaux;0;25760;10;645
77072;Chalautre-la-Grande;0;23400;8;464
77073;Chalautre-la-Petite;0;27540;6;419
77075;Chalifert;0;28210;21;1133
77076;Chalmaison;0;24330;5;562
77077;Chambry;0;25570;9;764
77078;Chamigny;0;24710;11;1048
77079;Champagne-sur-Seine;0;21180;49;4678
77080;Champcenest;0;25090;1;144
77081;Champdeuil;0;26330;5;509
77082;Champeaux;0;26650;4;602
77083;Champs-sur-Marne;0;23750;156;16815
77084;Changis-sur-Marne;0;25770;9;928
77085;Chanteloup-en-Brie;0;27450;44;2762
77086;La Chapelle-Gauthier;0;25220;9;990
77087;La Chapelle-Iger;0;29010;2;128
77088;La Chapelle-la-Reine;0;24530;17;1657
77089;La Chapelle-Rablais;0;27110;7;665
77090;La Chapelle-Saint-Sulpice;0;25070;1;171
77091;Les Chapelles-Bourbon;0;30250;8;313
77093;La Chapelle-Moutils;0;20800;13;319
77094;Charmentray;0;28430;2;203
77095;Charny;0;28060;16;1080
77096;Chartrettes;0;31160;19;1952
77097;Chartronges;0;23660;3;210
77098;Châteaubleau;0;24310;2;260
77099;Château-Landon;0;22160;33;2435
77100;Le Châtelet-en-Brie;0;26670;52;3198
77101;Châtenay-sur-Seine;0;24140;17;754
77102;Châtenoy;0;25410;6;117
77103;Châtillon-la-Borde;0;27950;1;164
77104;Châtres;0;30620;12;475
77106;Chauffry;0;25380;13;738
77107;Chaumes-en-Brie;0;26440;44;2483
77108;Chelles;1;23830;560;38095
77109;Chenoise-Cucharmoy;0;23080;12;1180
77110;Chenou;0;26660;4;233
77111;Chessy;1;27230;44;4791
77112;Chevrainvilliers;0;26950;6;194
77113;Chevru;0;23460;7;725
77114;Chevry-Cossigny;0;28480;54;2866
77115;Chevry-en-Sereine;0;24350;9;392
77116;Choisy-en-Brie;0;24430;20;996
77117;Citry;0;23110;12;665
77118;Claye-Souilly;0;27510;126;9122
77119;Clos-Fontaine;0;25330;3;183
77120;Cocherel;0;23200;10;437
77121;Collégien;0;26810;60;2302
77122;Combs-la-Ville;0;24650;164;16183
77123;Compans;0;26040;19;594
77124;Conches-sur-Gondoire;0;31060;11;1294
77125;Condé-Sainte-Libiaire;0;29670;18;1087
77126;Congis-sur-Thérouanne;0;25660;17;1199
77127;Coubert;0;26930;17;1481
77128;Couilly-Pont-aux-Dames;0;28840;23;1551
77129;Coulombs-en-Valois;0;24540;7;420
77130;Coulommes;0;25710;5;361
77131;Coulommiers;0;21030;104;11722
77132;Coupvray;0;30190;23;2154
77133;Courcelles-en-Bassée;0;25930;0;177
77134;Courchamp;0;25580;1;115
77135;Courpalay;0;26530;14;1057
77136;Courquetaine;0;32790;0;151
77137;Courtacon;0;21940;2;181
77138;Courtomer;0;27640;6;410
77139;Courtry;0;26930;128;4824
77140;Coutençon;0;26040;5;203
77141;Coutevroult;0;27100;16;795
77142;Crécy-la-Chapelle;1;26890;69;3635
77143;Crégy-lès-Meaux;0;24800;18;3492
77144;Crèvecœur-en-Brie;0;27290;5;297
77145;Crisenoy;0;28400;6;432
77146;Croissy-Beaubourg;0;30400;124;1464
77147;La Croix-en-Brie;0;24860;4;512
77148;Crouy-sur-Ourcq;0;23830;14;1301
77150;Cuisy;0;26400;9;329
77151;Dagny;0;25270;4;215
77152;Dammarie-les-Lys;0;20310;166;15954
77153;Dammartin-en-Goële;0;25560;72;7742
77154;Dammartin-sur-Tigeaux;0;27550;15;851
77155;Dampmart;0;26590;39;2573
77156;Darvault;0;24720;13;686
77157;Dhuisy;0;25080;3;236
77158;Diant;0;23540;1;158
77159;Donnemarie-Dontilly;0;23170;31;2060
77161;Dormelles;0;26610;10;621
77162;Doue;0;25380;18;802
77163;Douy-la-Ramée;0;26010;4;251
77164;Échouboulains;0;25160;10;406
77165;Les Écrennes;0;28120;5;448
77167;Égligny;0;24590;6;226
77168;Égreville;0;22690;30;1608
77169;Émerainville;0;26240;84;5278
77171;Esbly;0;27620;54;4458
77172;Esmans;0;24000;12;681
77173;Étrépilly;0;25840;9;574
77174;Everly;0;24140;5;441
77175;Évry-Grégy-sur-Yerre;0;29590;44;2219
77176;Faremoutiers;0;24820;38;2072
77177;Favières;0;28690;7;949
77178;Faÿ-lès-Nemours;0;26090;7;363
77179;Féricy;0;29840;6;438
77180;Férolles-Attilly;0;34290;9;937
77181;Ferrières-en-Brie;0;29080;54;2728
77182;La Ferté-Gaucher;0;19200;33;3517
77183;La Ferté-sous-Jouarre;0;21220;81;7146
77184;Flagy;0;25780;4;444
77185;Fleury-en-Bière;0;32710;5;504
77186;Fontainebleau;0;27340;79;11454
77187;Fontaine-Fourches;0;21280;12;442
77188;Fontaine-le-Port;0;31180;8;765
77190;Fontains;0;25990;3;194
77191;Fontenailles;0;27010;12;784
77192;Fontenay-Trésigny;0;24880;57;4218
77193;Forfry;0;28170;3;165
77194;Forges;0;23650;2;307
77195;Fouju;0;28330;7;442
77196;Fresnes-sur-Marne;0;29260;5;614
77197;Frétoy;0;25140;2;116
77198;Fromont;0;25670;2;179
77199;Fublaines;0;25230;15;933
77200;Garentreville;0;28720;2;81
77201;Gastins;0;25850;5;510
77202;La Genevraye;0;26640;14;584
77203;Germigny-l'Évêque;0;29410;16;1014
77204;Germigny-sous-Coulombs;0;22900;1;152
77205;Gesvres-le-Chapitre;0;32080;3;103
77206;Giremoutiers;0;27540;4;128
77207;Gironville;0;26120;5;120
77208;Gouaix;0;22600;14;997
77209;Gouvernes;0;33280;12;877
77210;La Grande-Paroisse;0;23940;20;2120
77211;Grandpuits-Bailly-Carrois;0;24730;10;748
77212;Gravon;0;26980;2;126
77214;Gressy;0;34290;1;607
77215;Gretz-Armainvilliers;1;24260;105;6037
77216;Grez-sur-Loing;0;26740;15;1089
77217;Grisy-Suisnes;0;29270;56;2066
77218;Grisy-sur-Seine;0;25060;4;89
77219;Guérard;0;27850;27;1915
77220;Guercheville;0;26550;2;207
77221;Guermantes;0;32090;13;837
77222;Guignes;0;24510;30;3003
77223;Gurcy-le-Châtel;0;26700;3;405
77224;Hautefeuille;0;28070;2;207
77225;La Haute-Maison;0;26480;6;240
77226;Héricy;0;29650;24;1913
77227;Hermé;0;23360;15;474
77228;Hondevilliers;0;22030;2;201
77229;La Houssaye-en-Brie;0;28440;46;1210
77230;Ichy;0;25220;3;125
77231;Isles-les-Meldeuses;0;23960;9;540
77232;Isles-lès-Villenoy;0;28620;10;783
77233;Iverny;0;25240;6;407
77234;Jablines;0;30560;7;461
77235;Jaignes;0;25350;1;239
77236;Jaulnes;0;25940;5;258
77237;Jossigny;0;27560;14;458
77238;Jouarre;0;23900;37;3110
77239;Jouy-le-Châtel;0;25040;23;1119
77240;Jouy-sur-Morin;0;23150;29;1632
77241;Juilly;0;26540;15;1401
77242;Jutigny;0;22030;7;403
77243;Lagny-sur-Marne;0;25220;189;15708
77244;Larchant;0;26670;12;556
77245;Laval-en-Brie;0;24700;6;319
77246;Léchelle;0;22800;8;407
77247;Lescherolles;0;24710;5;337
77248;Lesches;0;30970;9;549
77249;Lésigny;0;31100;44;4958
77250;Leudon-en-Brie;0;26530;1;114
77251;Lieusaint;2;24290;148;8744
77252;Limoges-Fourches;0;28520;18;401
77253;Lissy;0;29310;2;212
77254;Liverdy-en-Brie;0;29460;14;984
77255;Livry-sur-Seine;0;27370;17;1676
77256;Lizines;0;23680;1;123
77257;Lizy-sur-Ourcq;0;19220;37;2516
77258;Lognes;0;22290;78;9931
77259;Longperrier;0;25180;19;2039
77260;Longueville;1;20250;7;1299
77261;Lorrez-le-Bocage-Préaux;0;23490;7;931
77262;Louan-Villegruis-Fontaine;0;23160;5;375
77263;Luisetaines;0;24560;3;160
77264;Lumigny-Nesles-Ormeaux;0;28250;26;1092
77265;Luzancy;0;24780;8;767
77266;Machault;0;27190;7;550
77267;La Madeleine-sur-Loing;0;25440;9;280
77268;Magny-le-Hongre;0;29460;30;5912
77269;Maincy;0;27900;21;1367
77270;Maisoncelles-en-Brie;0;28010;15;729
77271;Maisoncelles-en-Gâtinais;0;23160;3;100
77272;Maison-Rouge;0;25210;6;607
77273;Marchémoret;0;27050;4;411
77274;Marcilly;0;26100;3;339
77275;Les Marêts;0;24460;0;123
77276;Mareuil-lès-Meaux;0;26130;45;2270
77277;Marles-en-Brie;0;27010;34;1297
77278;Marolles-en-Brie;0;25320;5;296
77279;Marolles-sur-Seine;0;24000;14;1269
77280;Mary-sur-Marne;0;24690;4;829
77281;Mauperthuis;0;26400;3;364
77282;Mauregard;0;24730;13;249
77283;May-en-Multien;0;24880;6;627
77284;Meaux;0;20010;331;38814
77285;Le Mée-sur-Seine;1;19130;128;13182
77286;Meigneux;0;27690;2;178
77287;Meilleray;0;21800;3;360
77288;Melun;1;19260;365;28929
77289;Melz-sur-Seine;0;24570;3;259
77290;Méry-sur-Marne;0;24150;10;492
77291;Le Mesnil-Amelot;0;22710;9;699
77292;Messy;0;29210;6;825
77293;Misy-sur-Yonne;0;24790;9;669
77294;Mitry-Mory;0;22810;206;13671
77295;Moisenay;0;29350;10;991
77296;Moissy-Cramayel;0;22780;138;12022
77297;Mondreville;0;25620;2;251
77298;Mons-en-Montois;0;24790;1;345
77300;Montceaux-lès-Meaux;0;28160;10;475
77301;Montceaux-lès-Provins;0;23470;9;242
77302;Moncourt-Fromonville;0;26920;16;1468
77303;Montdauphin;0;23520;0;180
77304;Montenils;0;N/A - secret statistique;0;24
77305;Montereau-Fault-Yonne;1;16280;163;14168
77306;Montereau-sur-le-Jard;0;30320;16;367
77307;Montévrain;2;26710;122;10155
77308;Montgé-en-Goële;0;28440;11;528
77309;Monthyon;0;26360;23;1228
77310;Montigny-le-Guesdier;0;25100;6;232
77311;Montigny-Lencoup;0;25370;17;965
77312;Montigny-sur-Loing;0;28710;29;2059
77313;Montmachoux;0;26040;2;186
77314;Montolivet;0;23470;5;180
77315;Montry;0;28360;47;2751
77316;Moret-Loing-et-Orvanne;0;26620;92;9605
77317;Mormant;0;23100;26;3654
77318;Mortcerf;0;27860;15;1095
77319;Mortery;0;22620;2;107
77320;Mouroux;0;24940;61;4074
77321;Mousseaux-lès-Bray;0;23290;1;508
77322;Moussy-le-Neuf;0;27460;27;2292
77323;Moussy-le-Vieux;0;25860;9;1000
77325;Mouy-sur-Seine;0;22920;5;284
77326;Nandy;0;24330;24;4117
77327;Nangis;0;19890;46;5900
77328;Nanteau-sur-Essonne;0;26870;3;338
77329;Nanteau-sur-Lunain;0;27070;6;450
77330;Nanteuil-lès-Meaux;0;25510;70;4793
77331;Nanteuil-sur-Marne;0;23180;2;315
77332;Nantouillet;0;27340;3;224
77333;Nemours;0;19330;102;9325
77335;Chauconin-Neufmontiers;0;26410;18;2717
77336;Neufmoutiers-en-Brie;0;28040;15;841
77337;Noisiel;0;21110;66;10685
77338;Noisy-Rudignon;0;25640;8;412
77339;Noisy-sur-École;0;33450;11;1411
77340;Nonville;0;27560;10;463
77341;Noyen-sur-Seine;0;24270;6;288
77342;Obsonville;0;21770;1;90
77343;Ocquerre;0;23780;7;272
77344;Oissery;0;26690;17;1611
77345;Orly-sur-Morin;0;23380;13;477
77347;Les Ormes-sur-Voulzie;0;23880;12;675
77348;Ormesson;0;27540;3;191
77349;Othis;0;26870;30;4660
77350;Ozoir-la-Ferrière;0;27270;257;15097
77352;Ozouer-le-Voulgis;0;27940;22;1402
77353;Paley;0;27340;5;374
77354;Pamfou;0;26470;16;682
77355;Paroy;0;26470;3;142
77356;Passy-sur-Seine;0;N/A - secret statistique;0;36
77357;Pécy;0;25300;13;622
77358;Penchard;0;27080;15;904
77359;Perthes;0;29180;26;1578
77360;Pézarches;0;26490;9;289
77361;Pierre-Levée;0;25270;11;336
77363;Le Pin;0;27180;29;1146
77364;Le Plessis-aux-Bois;0;27740;4;172
77365;Le Plessis-Feu-Aussoux;0;28320;6;428
77366;Le Plessis-l'Évêque;0;27000;2;202
77367;Le Plessis-Placy;0;25490;1;202
77368;Poigny;0;23050;8;370
77369;Poincy;0;28610;9;568
77370;Poligny;0;25630;14;641
77371;Pommeuse;0;25660;50;2159
77372;Pomponne;0;27180;33;3020
77373;Pontault-Combault;0;25010;431;27206
77374;Pontcarré;0;28180;19;1536
77376;Précy-sur-Marne;0;27610;8;527
77377;Presles-en-Brie;0;28540;16;1634
77378;Pringy;0;25750;41;2689
77379;Provins;0;19200;74;8702
77380;Puisieux;0;24440;2;228
77381;Quiers;0;26690;14;469
77382;Quincy-Voisins;0;27360;64;3890
77383;Rampillon;0;26110;12;594
77384;Réau;0;25660;13;1641
77385;Rebais;0;21460;20;1656
77386;Recloses;0;30980;6;488
77387;Remauville;0;24580;3;339
77388;Reuil-en-Brie;0;26470;7;615
77389;La Rochette;0;27950;33;2733
77390;Roissy-en-Brie;0;24320;158;15932
77391;Rouilly;0;23140;5;369
77392;Rouvres;0;27510;8;652
77393;Rozay-en-Brie;0;25690;23;2105
77394;Rubelles;0;25420;19;2244
77395;Rumont;0;27070;2;96
77396;Rupéreux;0;24380;1;75
77397;Saâcy-sur-Marne;0;23200;34;1373
77398;Sablonnières;0;23370;14;548
77400;Saint-Augustin;0;27280;23;1378
77401;Sainte-Aulde;0;26320;4;517
77402;Saint-Barthélemy;0;23620;5;255
77403;Saint-Brice;0;25310;7;575
77404;Sainte-Colombe;0;23010;11;1322
77405;Saint-Cyr-sur-Morin;0;25000;21;1410
77406;Saint-Denis-lès-Rebais;0;26590;15;733
77407;Saint-Fargeau-Ponthierry;0;25520;139;10776
77408;Saint-Fiacre;0;27290;3;333
77409;Saint-Germain-Laval;0;23190;25;1990
77410;Saint-Germain-Laxis;0;28770;8;530
77411;Saint-Germain-sous-Doue;0;26290;6;395
77412;Saint-Germain-sur-École;0;27650;6;264
77413;Saint-Germain-sur-Morin;0;28340;44;2744
77414;Saint-Hilliers;0;25320;5;368
77415;Saint-Jean-les-Deux-Jumeaux;0;26810;13;932
77416;Saint-Just-en-Brie;0;26950;3;198
77417;Saint-Léger;0;27050;1;185
77418;Saint-Loup-de-Naud;0;23870;2;634
77419;Saint-Mammès;0;24330;26;2423
77420;Saint-Mard;0;26890;35;2684
77421;Saint-Mars-Vieux-Maisons;0;26010;6;189
77423;Saint-Martin-des-Champs;0;23220;10;508
77424;Saint-Martin-du-Boschet;0;25050;3;202
77425;Saint-Martin-en-Bière;0;32360;12;582
77426;Saint-Méry;0;30090;3;260
77427;Saint-Mesmes;0;28770;10;428
77428;Saint-Ouen-en-Brie;0;27390;6;611
77429;Saint-Ouen-sur-Morin;0;25620;4;393
77430;Saint-Pathus;0;26790;31;4381
77431;Saint-Pierre-lès-Nemours;0;24900;47;4185
77432;Saint-Rémy-de-la-Vanne;0;25570;13;724
77433;Beautheil-Saints;0;26270;24;1545
77434;Saint-Sauveur-lès-Bray;0;24810;5;288
77435;Saint-Sauveur-sur-École;0;33090;14;862
77436;Saint-Siméon;1;26230;10;672
77437;Saint-Soupplets;0;25030;43;2546
77438;Saint-Thibault-des-Vignes;0;26940;68;4837
77439;Salins;0;24010;8;846
77440;Sammeron;0;25210;17;832
77441;Samois-sur-Seine;0;32540;18;1631
77442;Samoreau;0;28840;15;1818
77443;Sancy;0;28020;3;274
77444;Sancy-lès-Provins;0;24330;3;248
77445;Savigny-le-Temple;0;22240;179;19553
77446;Savins;0;24970;2;440
77447;Seine-Port;0;33990;13;1456
77448;Sept-Sorts;0;24130;11;412
77449;Serris;4;25790;81;6913
77450;Servon;0;28020;60;2496
77451;Signy-Signets;0;24550;7;465
77452;Sigy;0;N/A - secret statistique;0;52
77453;Sivry-Courtry;0;29320;20;803
77454;Sognolles-en-Montois;0;26200;4;283
77455;Soignolles-en-Brie;0;28470;36;1499
77456;Soisy-Bouy;0;25360;8;616
77457;Solers;0;26730;19;942
77458;Souppes-sur-Loing;0;20430;51;3664
77459;Sourdun;0;22960;13;1046
77460;Tancrou;0;25410;1;244
77461;Thénisy;0;27040;1;217
77462;Thieux;0;23530;15;628
77463;Thomery;0;29480;22;2532
77464;Thorigny-sur-Marne;0;25580;82;7392
77465;Thoury-Férottes;0;25450;8;496
77466;Tigeaux;0;28790;5;304
77467;La Tombe;0;23360;1;153
77468;Torcy;1;21830;157;15502
77469;Touquin;0;27270;17;915
77470;Tournan-en-Brie;0;26380;75;5994
77471;Tousson;0;26640;6;269
77472;La Trétoire;0;24990;5;350
77473;Treuzy-Levelay;0;27700;4;351
77474;Trilbardou;0;27100;13;466
77475;Trilport;0;25450;53;3592
77476;Trocy-en-Multien;0;26620;3;170
77477;Ury;0;28400;7;668
77478;Ussy-sur-Marne;0;23830;9;750
77479;Vaires-sur-Marne;1;26430;75;9819
77480;Valence-en-Brie;0;24790;13;698
77481;Vanvillé;0;28150;2;139
77482;Varennes-sur-Seine;0;21350;33;2612
77483;Varreddes;0;25970;19;1575
77484;Vaucourtois;0;27560;0;190
77485;Le Vaudoué;0;30120;7;571
77486;Vaudoy-en-Brie;0;26780;18;616
77487;Vaux-le-Pénil;0;26950;137;8190
77489;Vaux-sur-Lunain;0;24120;1;190
77490;Vendrest;0;24520;10;503
77492;Verdelot;0;24250;11;496
77493;Verneuil-l'Étang;0;25360;18;2238
77494;Vernou-la-Celle-sur-Seine;0;25910;32;1925
77495;Vert-Saint-Denis;0;25270;47;5938
77496;Vieux-Champagne;0;26090;5;137
77498;Vignely;0;30280;4;225
77500;Villebéon;0;24860;3;349
77501;Villecerf;0;26150;3;537
77504;Villemaréchal;0;27010;16;831
77505;Villemareuil;0;26350;8;271
77506;Villemer;0;26520;8;578
77507;Villenauxe-la-Petite;0;23050;1;338
77508;Villeneuve-le-Comte;0;28520;22;1362
77509;Villeneuve-les-Bordes;0;25220;7;456
77510;Villeneuve-Saint-Denis;1;29270;13;961
77511;Villeneuve-sous-Dammartin;0;21480;10;422
77512;Villeneuve-sur-Bellot;0;23060;14;849
77513;Villenoy;0;24730;52;3596
77514;Villeparisis;0;22650;250;18360
77515;Villeroy;0;27460;8;486
77516;Ville-Saint-Jacques;0;26590;12;576
77517;Villevaudé;0;28000;75;1589
77518;Villiers-en-Bière;0;32110;6;184
77519;Villiers-Saint-Georges;0;21690;8;833
77520;Villiers-sous-Grez;0;28330;11;540
77521;Villiers-sur-Morin;0;28030;32;1475
77522;Villiers-sur-Seine;0;22840;2;221
77523;Villuis;0;25120;1;200
77524;Vimpelles;0;25120;8;398
77525;Vinantes;0;27000;6;264
77526;Vincy-Manœuvre;0;26540;2;183
77527;Voinsles;0;27280;9;418
77528;Voisenon;0;29720;13;831
77529;Voulangis;0;29750;23;1100
77530;Voulton;0;24160;2;218
77531;Voulx;0;22730;25;1243
77532;Vulaines-lès-Provins;0;N/A - secret statistique;1;47
77533;Vulaines-sur-Seine;0;30280;19;1981
77534;Yèbles;0;27590;19;632
78003;Ablis;0;26630;27;2649
78005;Achères;1;23420;129;15179
78006;Adainville;0;30450;8;530
78007;Aigremont;0;41170;10;751
78009;Allainville;0;26680;11;222
78010;Les Alluets-le-Roi;0;34380;25;969
78013;Andelu;0;31070;4;363
78015;Andrésy;0;29500;62;9544
78020;Arnouville-lès-Mantes;0;30750;8;677
78029;Aubergenville;0;23070;86;8695
78030;Auffargis;0;32530;13;1471
78031;Auffreville-Brasseuil;0;28790;9;510
78033;Aulnay-sur-Mauldre;0;28930;17;837
78034;Auteuil;0;32720;14;723
78036;Autouillet;0;33110;4;467
78043;Bailly;0;38230;24;2623
78048;Bazainville;0;31990;15;1033
78049;Bazemont;0;34090;16;1249
78050;Bazoches-sur-Guyonne;0;36490;5;485
78053;Béhoust;0;32830;5;387
78057;Bennecourt;0;26070;23;1324
78062;Beynes;0;29850;60;5593
78068;Blaru;0;26910;8;668
78070;Boinville-en-Mantois;0;28030;6;214
78071;Boinville-le-Gaillard;0;26570;9;432
78072;Boinvilliers;0;30620;7;198
78073;Bois-d'Arcy;1;27520;135;11597
78076;Boissets;0;27650;3;212
78077;La Boissière-École;0;27710;8;534
78082;Boissy-Mauvoisin;0;27790;8;448
78084;Boissy-sans-Avoir;0;31530;8;467
78087;Bonnelles;0;30380;20;1633
78089;Bonnières-sur-Seine;0;20720;40;3563
78090;Bouafle;0;28450;34;1593
78092;Bougival;0;31630;58;6375
78096;Bourdonné;0;32020;5;388
78104;Breuil-Bois-Robert;0;28740;11;559
78107;Bréval;0;27310;20;1501
78108;Les Bréviaires;0;32520;11;971
78113;Brueil-en-Vexin;0;30950;8;479
78117;Buc;1;35400;47;4199
78118;Buchelay;0;24140;66;2263
78120;Bullion;0;33250;12;1368
78123;Carrières-sous-Poissy;1;22570;108;13236
78124;Carrières-sur-Seine;1;32680;160;10132
78125;La Celle-les-Bordes;0;35610;5;658
78126;La Celle-Saint-Cloud;0;29510;111;14061
78128;Cernay-la-Ville;0;34950;9;1120
78133;Chambourcy;0;32930;41;4040
78138;Chanteloup-les-Vignes;0;19940;96;6951
78140;Chapet;0;32520;13;965
78143;Châteaufort;0;37760;9;1063
78146;Chatou;1;33670;133;21146
78147;Chaufour-lès-Bonnières;0;27350;6;330
78152;Chavenay;0;41630;12;1236
78158;Le Chesnay-Rocquencourt;0;33520;98;22937
78160;Chevreuse;1;33230;30;4127
78162;Choisel;0;35390;3;406
78163;Civry-la-Forêt;0;29400;8;275
78164;Clairefontaine-en-Yvelines;0;34860;11;648
78165;Les Clayes-sous-Bois;0;26060;157;12124
78168;Coignières;0;23590;152;3039
78171;Condé-sur-Vesgre;0;30840;10;902
78172;Conflans-Sainte-Honorine;0;27320;278;25528
78185;Courgent;0;32110;3;312
78188;Cravent;0;26910;4;303
78189;Crespières;0;37670;8;1235
78190;Croissy-sur-Seine;0;38780;57;7464
78192;Dammartin-en-Serve;0;25440;11;966
78193;Dampierre-en-Yvelines;0;35130;7;775
78194;Dannemarie;0;32960;1;172
78196;Davron;0;39010;1;213
78202;Drocourt;0;26400;6;404
78206;Ecquevilly;0;26630;58;2929
78208;Élancourt;0;26320;126;17932
78209;Émancé;0;30810;5;632
78217;Épône;0;26330;74;4742
78220;Les Essarts-le-Roi;0;29600;50;4898
78224;L'Étang-la-Ville;0;40580;22;3435
78227;Évecquemont;0;31430;9;561
78230;La Falaise;0;28620;3;451
78231;Favrieux;0;28820;2;122
78233;Feucherolles;0;42090;16;2091
78234;Flacourt;0;26080;2;131
78236;Flexanville;0;31130;5;427
78237;Flins-Neuve-Église;0;26740;3;113
78238;Flins-sur-Seine;0;25620;35;1769
78239;Follainville-Dennemont;0;25230;32;1567
78242;Fontenay-le-Fleury;0;26260;78;9683
78245;Fontenay-Mauvoisin;0;32020;4;341
78246;Fontenay-Saint-Père;0;30160;12;711
78255;Freneuse;1;22930;61;3007
78261;Gaillon-sur-Montcient;0;28410;5;484
78262;Galluis;0;30840;19;910
78263;Gambais;0;32660;25;1853
78264;Gambaiseuil;0;N/A - secret statistique;0;54
78265;Garancières;0;31350;39;1912
78267;Gargenville;0;25030;79;5638
78269;Gazeran;0;33010;21;1009
78276;Gommecourt;0;26090;9;482
78278;Goupillières;0;32630;10;401
78281;Goussonville;0;28640;9;467
78283;Grandchamp;0;27740;5;224
78285;Gressey;0;31200;8;417
78289;Grosrouvre;0;37690;9;663
78290;Guernes;0;25840;14;785
78291;Guerville;0;28050;22;1512
78296;Guitrancourt;0;28720;13;477
78297;Guyancourt;1;24720;146;19459
78299;Hardricourt;0;25430;56;1786
78300;Hargeville;0;30610;5;302
78302;La Hauteville;0;29790;1;127
78305;Herbeville;0;34160;1;186
78307;Hermeray;0;31520;8;736
78310;Houdan;0;24540;46;2791
78311;Houilles;0;30390;220;23776
78314;Issou;0;25020;26;2762
78317;Jambville;0;29650;13;538
78320;Notre-Dame-de-la-Mer;0;25900;9;542
78321;Jouars-Pontchartrain;0;32860;52;4230
78322;Jouy-en-Josas;0;35740;32;5218
78324;Jouy-Mauvoisin;0;26820;4;425
78325;Jumeauville;0;29270;8;447
78327;Juziers;0;26040;47;2897
78329;Lainville-en-Vexin;0;28260;17;559
78334;Lévis-Saint-Nom;0;35190;11;1222
78335;Limay;0;20170;144;11713
78337;Limetz-Villez;0;25330;32;1473
78343;Les Loges-en-Josas;0;40940;9;1107
78344;Lommoye;0;28180;5;461
78346;Longnes;0;28230;22;1130
78349;Longvilliers;0;34010;8;373
78350;Louveciennes;0;36060;41;5423
78354;Magnanville;0;24580;63;4516
78356;Magny-les-Hameaux;1;28610;54;6325
78358;Maisons-Laffitte;1;36990;94;16468
78361;Mantes-la-Jolie;0;17310;225;29793
78362;Mantes-la-Ville;0;20040;157;14434
78364;Marcq;0;32540;11;583
78366;Mareil-le-Guyon;0;35100;3;312
78367;Mareil-Marly;0;40010;26;2687
78368;Mareil-sur-Mauldre;0;34440;16;1285
78372;Marly-le-Roi;1;31270;73;12038
78380;Maule;0;29730;53;4323
78381;Maulette;0;28930;14;729
78382;Maurecourt;0;29740;19;3055
78383;Maurepas;0;26870;119;14091
78384;Médan;0;37290;16;932
78385;Ménerville;0;28090;3;162
78389;Méré;0;35020;32;1258
78391;Méricourt;0;25780;6;295
78396;Le Mesnil-le-Roi;0;36120;37;4467
78397;Le Mesnil-Saint-Denis;0;32940;34;5040
78398;Les Mesnuls;0;35290;4;689
78401;Meulan-en-Yvelines;0;21470;44;6301
78402;Mézières-sur-Seine;0;27410;43;2716
78403;Mézy-sur-Seine;0;28830;27;1672
78404;Millemont;0;28430;2;200
78406;Milon-la-Chapelle;0;42810;1;235
78407;Mittainville;0;29300;6;473
78410;Moisson;0;28240;17;684
78413;Mondreville;0;26850;2;284
78415;Montainville;0;33410;11;403
78416;Montalet-le-Bois;0;30300;3;225
78417;Montchauvet;0;31950;3;211
78418;Montesson;0;32980;119;10292
78420;Montfort-l'Amaury;0;34200;19;2205
78423;Montigny-le-Bretonneux;0;30360;114;22241
78431;Morainvilliers;0;36400;18;2124
78437;Mousseaux-sur-Seine;0;29020;6;508
78439;Mulcent;0;N/A - secret statistique;0;84
78440;Les Mureaux;0;18240;209;22106
78442;Neauphle-le-Château;0;31940;32;2371
78443;Neauphle-le-Vieux;0;33460;6;658
78444;Neauphlette;0;28120;8;624
78451;Nézel;0;27320;11;780
78455;Noisy-le-Roi;0;37660;34;5515
78460;Oinville-sur-Montcient;0;29830;14;837
78464;Orcemont;0;29850;8;688
78465;Orgerus;0;29300;34;1867
78466;Orgeval;0;37140;87;4758
78470;Orphin;0;30860;11;640
78472;Orsonville;0;27230;7;236
78474;Orvilliers;0;27610;6;635
78475;Osmoy;0;29120;1;281
78478;Paray-Douaville;0;28950;5;154
78481;Le Pecq;0;30800;85;11201
78484;Perdreauville;0;28160;8;495
78486;Le Perray-en-Yvelines;0;29640;93;4891
78490;Plaisir;0;25690;174;22300
78497;Poigny-la-Forêt;0;35520;3;717
78498;Poissy;0;23910;187;28521
78499;Ponthévrard;0;30540;4;479
78501;Porcheville;0;24860;36;2207
78502;Le Port-Marly;0;26620;32;3917
78505;Prunay-le-Temple;0;29990;5;303
78506;Prunay-en-Yvelines;0;29420;7;612
78513;La Queue-les-Yvelines;0;29530;24;1840
78516;Raizeux;0;31640;6;708
78517;Rambouillet;1;27990;155;20014
78518;Rennemoulin;0;39140;1;78
78520;Richebourg;0;31290;20;1180
78522;Rochefort-en-Yvelines;0;34410;3;675
78528;Rolleboise;0;23360;7;278
78530;Rosay;0;27080;6;302
78531;Rosny-sur-Seine;0;22430;80;4773
78536;Sailly;0;28840;3;265
78537;Saint-Arnoult-en-Yvelines;0;29630;58;4402
78545;Saint-Cyr-l'École;1;26750;90;13805
78548;Saint-Forget;0;37880;1;349
78550;Saint-Germain-de-la-Grange;0;34630;28;1339
78551;Saint-Germain-en-Laye;1;33250;329;31605
78557;Saint-Hilarion;0;28930;10;719
78558;Saint-Illiers-la-Ville;0;25370;6;259
78559;Saint-Illiers-le-Bois;0;30600;7;325
78561;Saint-Lambert;0;39000;5;318
78562;Saint-Léger-en-Yvelines;0;31060;6;1051
78564;Saint-Martin-de-Bréthencourt;0;28920;5;482
78565;Saint-Martin-des-Champs;0;32700;4;229
78567;Saint-Martin-la-Garenne;0;28680;8;695
78569;Sainte-Mesme;0;29320;4;709
78571;Saint-Nom-la-Bretèche;0;44020;24;3460
78575;Saint-Rémy-lès-Chevreuse;0;34800;23;5719
78576;Saint-Rémy-l'Honoré;0;34420;21;1221
78586;Sartrouville;0;25680;453;36744
78588;Saulx-Marchais;0;30520;14;677
78590;Senlisse;0;34460;2;398
78591;Septeuil;0;27600;19;1632
78597;Soindres;0;28530;15;520
78601;Sonchamp;0;30050;12;1248
78605;Tacoignières;0;29550;9;833
78606;Le Tartre-Gaudran;0;N/A - secret statistique;0;31
78608;Le Tertre-Saint-Denis;0;26740;4;85
78609;Tessancourt-sur-Aubette;0;29900;11;718
78615;Thiverval-Grignon;0;29850;10;644
78616;Thoiry;1;29640;17;985
78618;Tilly;0;28480;4;387
78620;Toussus-le-Noble;0;35870;9;755
78621;Trappes;1;18320;202;21741
78623;Le Tremblay-sur-Mauldre;0;32060;10;612
78624;Triel-sur-Seine;0;29350;99;8555
78638;Vaux-sur-Seine;0;29160;53;3599
78640;Vélizy-Villacoublay;2;28610;231;16406
78642;Verneuil-sur-Seine;0;28180;79;11242
78643;Vernouillet;0;28980;60;6698
78644;La Verrière;0;19450;24;3980
78646;Versailles;0;33780;387;57783
78647;Vert;0;29750;10;618
78650;Le Vésinet;0;42870;120;11052
78653;Vicq;0;33430;3;284
78655;Vieille-Église-en-Yvelines;0;32800;8;496
78668;La Villeneuve-en-Chevrie;0;26970;9;471
78672;Villennes-sur-Seine;0;38200;30;4123
78674;Villepreux;0;29190;57;7977
78677;Villette;0;30750;4;400
78681;Villiers-le-Mahieu;0;31130;6;608
78683;Villiers-Saint-Frédéric;0;31450;36;2205
78686;Viroflay;0;36100;72;11780
78688;Voisins-le-Bretonneux;0;35470;67;7618
91001;Abbéville-la-Rivière;0;26590;6;237
91016;Angerville;0;22130;53;3063
91017;Angervilliers;0;29150;26;1225
91021;Arpajon;0;21980;84;8486
91022;Arrancourt;0;27670;4;94
91027;Athis-Mons;0;22380;278;24754
91035;Authon-la-Plaine;0;25970;6;264
91037;Auvernaux;0;28310;5;247
91038;Auvers-Saint-Georges;0;30200;11;952
91041;Avrainville;0;30610;21;716
91044;Ballainvilliers;0;29750;52;3330
91045;Ballancourt-sur-Essonne;0;25500;62;5749
91047;Baulne;0;26580;12;1115
91064;Bièvres;0;34800;46;3331
91067;Blandy;0;24240;3;94
91069;Boigneville;0;26430;5;305
91075;Bois-Herpin;0;N/A - secret statistique;1;56
91079;Boissy-la-Rivière;0;30180;4;397
91080;Boissy-le-Cutté;0;26650;13;957
91081;Boissy-le-Sec;0;26730;10;497
91085;Boissy-sous-Saint-Yon;0;27770;32;2746
91086;Bondoufle;0;26390;121;7599
91093;Boullay-les-Troux;0;38250;4;467
91095;Bouray-sur-Juine;0;28910;15;1570
91097;Boussy-Saint-Antoine;0;24320;42;5474
91098;Boutervilliers;0;28010;1;312
91099;Boutigny-sur-Essonne;0;27040;26;2294
91100;Bouville;0;29310;11;503
91103;Brétigny-sur-Orge;1;23680;202;18223
91105;Breuillet;0;26570;68;6382
91106;Breux-Jouy;0;27460;17;964
91109;Brières-les-Scellés;0;27170;27;862
91111;Briis-sous-Forges;0;30610;33;2454
91112;Brouy;0;30870;1;99
91114;Brunoy;0;27460;172;18159
91115;Bruyères-le-Châtel;0;27530;33;2743
91121;Buno-Bonnevaux;0;27070;6;391
91122;Bures-sur-Yvette;1;33510;42;6742
91129;Cerny;0;27350;46;2517
91130;Chalo-Saint-Mars;0;27810;11;779
91131;Chalou-Moulineux;0;26570;8;297
91132;Chamarande;0;29130;10;830
91135;Champcueil;0;27870;18;2145
91136;Champlan;0;25020;70;1872
91137;Champmotteux;0;26290;3;260
91145;Chatignonville;0;N/A - secret statistique;0;51
91148;Chauffour-lès-Étréchy;0;30570;1;97
91156;Cheptainville;0;28720;20;1520
91159;Chevannes;0;28780;13;1114
91161;Chilly-Mazarin;0;23140;168;13840
91174;Corbeil-Essonnes;1;18970;448;36434
91175;Corbreuse;0;27530;15;1251
91179;Le Coudray-Montceaux;0;26830;32;3309
91180;Courances;0;33100;8;264
91184;Courdimanche-sur-Essonne;0;29730;3;216
91186;Courson-Monteloup;0;32560;5;431
91191;Crosne;0;26280;95;6670
91195;Dannemois;0;28770;7;650
91198;D'Huison-Longueville;0;27620;16;1125
91200;Dourdan;2;23670;65;7836
91201;Draveil;0;26090;254;21043
91204;Écharcon;0;29820;4;560
91207;Égly;0;23770;70;4776
91215;Épinay-sous-Sénart;0;18880;93;7637
91216;Épinay-sur-Orge;0;28730;78;7997
91223;Étampes;1;20480;195;18173
91225;Étiolles;0;33550;10;2257
91226;Étréchy;0;27380;75;5129
91228;Évry-Courcouronnes;1;19160;542;42751
91232;La Ferté-Alais;0;26470;41;2677
91235;Fleury-Mérogis;0;19420;63;10507
91240;Fontaine-la-Rivière;0;29390;2;134
91243;Fontenay-lès-Briis;0;29050;30;1611
91244;Fontenay-le-Vicomte;0;27290;17;1102
91247;La Forêt-le-Roi;0;26860;4;357
91248;La Forêt-Sainte-Croix;0;24890;3;110
91249;Forges-les-Bains;0;30150;55;2940
91272;Gif-sur-Yvette;0;34730;55;14667
91273;Gironville-sur-Essonne;0;26180;4;536
91274;Gometz-la-Ville;0;34030;11;1086
91275;Gometz-le-Châtel;0;30690;28;1833
91284;Les Granges-le-Roi;0;27850;11;823
91286;Grigny;0;14790;217;16424
91292;Guibeville;0;28690;20;624
91293;Guigneville-sur-Essonne;0;28550;8;658
91294;Guillerval;0;28330;17;603
91312;Igny;0;31760;84;7574
91315;Itteville;0;28000;75;4798
91318;Janville-sur-Juine;0;30320;19;1454
91319;Janvry;0;32110;7;476
91326;Juvisy-sur-Orge;0;23520;173;13299
91330;Lardy;0;28860;34;4104
91332;Leudeville;0;30370;12;1173
91333;Leuville-sur-Orge;0;27910;57;3155
91338;Limours;0;30560;59;4706
91339;Linas;0;26350;117;5213
91340;Lisses;0;26150;154;5114
91345;Longjumeau;0;23320;125;14376
91347;Longpont-sur-Orge;0;28330;95;4589
91359;Maisse;0;25060;24;2114
91363;Marcoussis;0;28880;103;6122
91374;Marolles-en-Beauce;0;28080;4;181
91376;Marolles-en-Hurepoix;0;28330;44;4038
91377;Massy;3;24560;267;34873
91378;Mauchamps;0;30720;2;271
91386;Mennecy;0;27390;104;11214
91390;Le Mérévillois;0;24880;31;2533
91393;Mérobert;0;25480;9;441
91399;Mespuits;0;24360;2;139
91405;Milly-la-Forêt;0;28370;58;3570
91408;Moigny-sur-École;0;30040;18;1031
91411;Les Molières;0;35340;12;1422
91412;Mondeville;0;28360;9;537
91414;Monnerville;0;24820;2;292
91421;Montgeron;0;25500;225;16902
91425;Montlhéry;0;26310;148;6577
91432;Morangis;0;26260;176;9914
91433;Morigny-Champigny;0;28170;30;3352
91434;Morsang-sur-Orge;0;24900;197;14524
91435;Morsang-sur-Seine;0;36150;14;446
91441;Nainville-les-Roches;0;29150;9;387
91457;La Norville;0;28720;23;3092
91458;Nozay;0;30540;49;3141
91461;Ollainville;0;26790;58;3639
91463;Oncy-sur-École;0;28290;11;794
91468;Ormoy;1;25400;25;1830
91469;Ormoy-la-Rivière;0;27670;9;715
91471;Orsay;0;33200;66;10771
91473;Orveau;0;29890;2;110
91477;Palaiseau;3;28570;199;23471
91479;Paray-Vieille-Poste;0;25300;129;5911
91482;Pecqueuse;0;29530;6;422
91494;Le Plessis-Pâté;0;28860;25;2915
91495;Plessis-Saint-Benoist;0;26380;6;234
91507;Prunay-sur-Essonne;0;28730;3;232
91508;Puiselet-le-Marais;0;29310;3;198
91511;Pussay;0;22820;20;1641
91514;Quincy-sous-Sénart;1;23930;117;6790
91519;Richarville;0;28860;3;290
91521;Ris-Orangis;0;20090;432;19909
91525;Roinville;0;30400;16;978
91526;Roinvilliers;0;32540;3;78
91533;Saclas;0;26060;11;1413
91534;Saclay;0;34070;26;2935
91538;Saint-Aubin;0;39060;2;482
91540;Saint-Chéron;0;26980;29;3678
91544;Saint-Cyr-la-Rivière;0;28770;7;362
91546;Saint-Cyr-sous-Dourdan;0;30850;17;743
91547;Saint-Escobille;0;27050;1;351
91549;Sainte-Geneviève-des-Bois;0;24370;305;25668
91552;Saint-Germain-lès-Arpajon;1;24340;131;7592
91553;Saint-Germain-lès-Corbeil;0;29890;34;5314
91556;Saint-Hilaire;0;28180;1;294
91560;Saint-Jean-de-Beauregard;0;28890;5;331
91568;Saint-Maurice-Montcouronne;0;32930;15;1138
91570;Saint-Michel-sur-Orge;1;23160;170;14683
91573;Saint-Pierre-du-Perray;0;26200;126;7916
91577;Saintry-sur-Seine;0;27730;51;4163
91578;Saint-Sulpice-de-Favières;0;34040;4;220
91579;Saint-Vrain;0;29300;16;2308
91581;Saint-Yon;0;31620;3;687
91587;Saulx-les-Chartreux;1;27220;64;4670
91589;Savigny-sur-Orge;0;25590;376;26714
91593;Sermaise;0;28860;21;1211
91599;Soisy-sur-École;0;29020;22;900
91600;Soisy-sur-Seine;0;30670;44;5426
91602;Souzy-la-Briche;0;30190;1;296
91613;Congerville-Thionville;0;25570;1;157
91617;Tigery;0;27420;35;2862
91619;Torfou;0;30310;6;223
91629;Valpuiseaux;0;28100;13;471
91630;Le Val-Saint-Germain;0;31820;20;1134
91631;Varennes-Jarcy;0;33490;61;1699
91634;Vaugrigneuse;0;28420;28;1054
91635;Vauhallan;0;37410;11;1425
91639;Vayres-sur-Essonne;0;26270;11;694
91645;Verrières-le-Buisson;0;36270;101;10724
91648;Vert-le-Grand;0;28960;18;1706
91649;Vert-le-Petit;0;27040;19;1896
91654;Videlles;0;29070;7;472
91657;Vigneux-sur-Seine;0;21390;272;20871
91659;Villabé;0;25350;47;3832
91661;Villebon-sur-Yvette;0;29190;128;7607
91662;Villeconin;0;30030;10;559
91665;La Ville-du-Bois;1;27390;75;5806
91666;Villejust;1;29140;56;1722
91667;Villemoisson-sur-Orge;0;30300;54;5175
91671;Villeneuve-sur-Auvers;0;29220;9;465
91679;Villiers-le-Bâcle;0;34170;5;746
91685;Villiers-sur-Orge;0;28900;43;3239
91687;Viry-Châtillon;0;21860;319;21588
91689;Wissous;0;29510;93;5096
91691;Yerres;0;28170;224;20194
91692;Les Ulis;0;19950;118;17217
92002;Antony;0;32000;281;44975
92004;Asnières-sur-Seine;4;28370;547;63377
92007;Bagneux;1;21040;222;29349
92009;Bois-Colombes;2;32650;133;20765
92012;Boulogne-Billancourt;5;35040;1260;87581
92014;Bourg-la-Reine;0;33700;121;14671
92019;Châtenay-Malabry;0;27140;98;24802
92020;Châtillon;0;30550;152;26286
92022;Chaville;0;32290;71;14491
92023;Clamart;2;29920;356;40396
92024;Clichy;3;22410;527;45774
92025;Colombes;2;25100;512;61860
92026;Courbevoie;12;32080;711;58979
92032;Fontenay-aux-Roses;0;26990;96;16655
92033;Garches;0;36150;100;12745
92035;La Garenne-Colombes;0;33090;162;21622
92036;Gennevilliers;0;18380;342;33623
92040;Issy-les-Moulineaux;3;33650;717;48496
92044;Levallois-Perret;3;34500;457;48717
92046;Malakoff;2;25810;185;21757
92047;Marnes-la-Coquette;0;41740;5;1200
92048;Meudon;0;30680;203;33148
92049;Montrouge;2;30500;227;33965
92050;Nanterre;3;21620;985;67112
92051;Neuilly-sur-Seine;0;48010;473;42604
92060;Le Plessis-Robinson;0;31000;117;20696
92062;Puteaux;3;30980;285;32542
92063;Rueil-Malmaison;1;32980;418;56726
92064;Saint-Cloud;0;39760;109;20685
92071;Sceaux;0;36010;57;13927
92072;Sèvres;0;33680;132;16350
92073;Suresnes;1;31810;303;34504
92075;Vanves;3;30770;124;20345
92076;Vaucresson;0;41320;43;6041
92077;Ville-d'Avray;0;38490;25;7484
92078;Villeneuve-la-Garenne;0;18570;158;16839
93001;Aubervilliers;0;15330;793;59526
93005;Aulnay-sous-Bois;0;18710;1080;57348
93006;Bagnolet;1;19060;313;28648
93007;Le Blanc-Mesnil;1;17460;696;39873
93008;Bobigny;0;16330;666;35201
93010;Bondy;0;17210;513;34366
93013;Le Bourget;0;17230;201;10399
93014;Clichy-sous-Bois;0;15260;309;18098
93015;Coubron;0;27100;57;3648
93027;La Courneuve;0;15150;384;30998
93029;Drancy;1;18660;1277;48853
93030;Dugny;0;17070;43;7405
93031;Épinay-sur-Seine;0;17880;479;35163
93032;Gagny;0;23090;451;27856
93033;Gournay-sur-Marne;0;29930;61;5025
93039;L'Île-Saint-Denis;0;17740;63;6096
93045;Les Lilas;1;25490;182;16769
93046;Livry-Gargan;0;21750;575;31832
93047;Montfermeil;0;20870;584;18967
93048;Montreuil;1;21150;1151;78203
93049;Neuilly-Plaisance;1;26590;224;15494
93050;Neuilly-sur-Marne;0;21000;276;26032
93051;Noisy-le-Grand;1;23490;632;48917
93053;Noisy-le-Sec;1;18450;527;30628
93055;Pantin;1;19740;784;42172
93057;Les Pavillons-sous-Bois;0;21890;474;16993
93061;Le Pré-Saint-Gervais;0;21600;97;12409
93062;Le Raincy;0;28820;236;10390
93063;Romainville;0;21110;272;24177
93064;Rosny-sous-Bois;0;21820;504;32004
93066;Saint-Denis;1;16470;1262;97422
93070;Saint-Ouen-sur-Seine;1;20440;451;36785
93071;Sevran;0;17300;408;34369
93072;Stains;0;16130;355;25569
93073;Tremblay-en-France;0;21420;334;25931
93074;Vaujours;0;23430;76;5167
93077;Villemomble;0;23920;338;21170
93078;Villepinte;0;19060;366;25745
93079;Villetaneuse;0;16640;69;7762
94001;Ablon-sur-Seine;0;24000;56;4109
94002;Alfortville;0;22360;472;32753
94003;Arcueil;1;23560;118;14984
94004;Boissy-Saint-Léger;0;21400;182;11868
94011;Bonneuil-sur-Marne;0;19530;144;12161
94015;Bry-sur-Marne;0;31250;122;12703
94016;Cachan;0;25800;147;19754
94017;Champigny-sur-Marne;0;21260;912;53895
94018;Charenton-le-Pont;1;30250;163;20641
94019;Chennevières-sur-Marne;0;23910;237;13140
94021;Chevilly-Larue;1;22100;191;13741
94022;Choisy-le-Roi;1;20840;375;31469
94028;Créteil;1;21270;518;62841
94033;Fontenay-sous-Bois;0;25750;385;36848
94034;Fresnes;0;23940;152;20913
94037;Gentilly;2;22390;90;12908
94038;L'Haÿ-les-Roses;0;24990;152;21903
94041;Ivry-sur-Seine;7;19680;476;43294
94042;Joinville-le-Pont;0;29100;106;14775
94043;Le Kremlin-Bicêtre;3;23910;128;16639
94044;Limeil-Brévannes;1;22550;244;18562
94046;Maisons-Alfort;1;28010;334;40751
94047;Mandres-les-Roses;0;28200;62;3485
94048;Marolles-en-Brie;0;32140;30;3328
94052;Nogent-sur-Marne;1;33240;159;23880
94053;Noiseau;0;28950;61;3347
94054;Orly;1;19610;166;16291
94055;Ormesson-sur-Marne;0;29610;165;7728
94056;Périgny;0;29480;28;1904
94058;Le Perreux-sur-Marne;0;31180;244;25170
94059;Le Plessis-Trévise;0;26100;230;14694
94060;La Queue-en-Brie;0;25520;112;8211
94065;Rungis;1;29770;45;4164
94067;Saint-Mandé;0;36180;171;15457
94068;Saint-Maur-des-Fossés;0;32730;805;55734
94069;Saint-Maurice;0;28510;105;10322
94070;Santeny;0;30540;48;2834
94071;Sucy-en-Brie;0;28120;241;19575
94073;Thiais;0;24670;224;22890
94074;Valenton;0;17690;152;9294
94075;Villecresnes;0;27830;131;8209
94076;Villejuif;2;21950;300;39629
94077;Villeneuve-le-Roi;0;22380;279;14418
94078;Villeneuve-Saint-Georges;0;16960;442;23418
94079;Villiers-sur-Marne;0;24020;230;22756
94080;Vincennes;3;34880;311;35618
94081;Vitry-sur-Seine;2;19490;724;65022
95002;Ableiges;0;29290;7;781
95008;Aincourt;0;27280;8;693
95011;Ambleville;0;28290;5;302
95012;Amenucourt;0;25400;3;149
95014;Andilly;1;30190;32;1895
95018;Argenteuil;0;19350;1199;73415
95019;Arnouville;0;20790;196;10117
95023;Arronville;0;30040;4;466
95024;Arthies;0;28670;1;195
95026;Asnières-sur-Oise;0;28210;24;2250
95028;Attainville;0;28920;12;1267
95039;Auvers-sur-Oise;0;28940;69;5054
95040;Avernes;0;30070;4;622
95042;Baillet-en-France;0;29910;26;1445
95046;Banthelu;0;26650;3;99
95051;Beauchamp;0;28510;92;6795
95052;Beaumont-sur-Oise;0;22220;90;6932
95054;Le Bellay-en-Vexin;0;28510;0;158
95055;Bellefontaine;0;26970;5;368
95056;Belloy-en-France;0;27690;42;1568
95058;Bernes-sur-Oise;0;24210;19;1740
95059;Berville;0;28810;9;256
95060;Bessancourt;0;26780;69;5972
95061;Béthemont-la-Forêt;0;33250;5;311
95063;Bezons;0;21450;314;23446
95074;Boisemont;0;32540;13;616
95078;Boissy-l'Aillerie;0;28660;30;1469
95088;Bonneuil-en-France;0;22380;35;789
95091;Bouffémont;0;26000;43;4453
95094;Bouqueval;0;21500;4;230
95101;Bray-et-Lû;0;24700;8;669
95102;Bréançon;0;31790;2;311
95110;Brignancourt;0;27320;3;175
95116;Bruyères-sur-Oise;0;23430;28;3196
95119;Buhy;0;25850;2;231
95120;Butry-sur-Oise;0;28700;23;1550
95127;Cergy;1;20270;336;42057
95134;Champagne-sur-Oise;0;27340;47;3431
95139;La Chapelle-en-Vexin;0;26710;3;225
95141;Charmont;0;N/A - secret statistique;0;24
95142;Chars;0;25320;17;1442
95144;Châtenay-en-France;0;N/A - secret statistique;2;55
95149;Chaumontel;0;28940;36;2473
95150;Chaussy;0;26450;5;467
95151;Chauvry;0;30050;5;214
95154;Chennevières-lès-Louvres;0;25890;6;214
95157;Chérence;0;28350;0;110
95166;Cléry-en-Vexin;0;29140;6;332
95169;Commeny;0;28020;5;446
95170;Condécourt;0;28300;8;404
95176;Cormeilles-en-Parisis;0;28650;218;18726
95177;Cormeilles-en-Vexin;0;27390;17;864
95181;Courcelles-sur-Viosne;0;29680;1;222
95183;Courdimanche;0;26460;23;4674
95197;Deuil-la-Barre;0;25000;183;16044
95199;Domont;0;25810;214;11143
95203;Eaubonne;0;26900;184;18223
95205;Écouen;0;25760;67;4991
95210;Enghien-les-Bains;0;31400;111;8421
95211;Ennery;1;29520;62;1631
95212;Épiais-lès-Louvres;0;23550;2;94
95213;Épiais-Rhus;0;30610;6;467
95214;Épinay-Champlâtreux;0;N/A - secret statistique;1;41
95218;Éragny;0;24320;124;12593
95219;Ermont;0;24940;144;20452
95229;Ézanville;0;25510;66;6878
95241;Fontenay-en-Parisis;0;25530;28;1484
95250;Fosses;0;23310;64;6806
95252;Franconville;0;24120;276;26661
95253;Frémainville;0;31060;4;370
95254;Frémécourt;0;30330;7;393
95256;Frépillon;0;28370;47;2263
95257;La Frette-sur-Seine;0;31130;46;3293
95258;Frouville;0;31000;7;277
95268;Garges-lès-Gonesse;0;15750;389;27048
95270;Genainville;0;27700;8;392
95271;Génicourt;0;29250;10;380
95277;Gonesse;0;19140;357;18234
95280;Goussainville;0;18160;410;20113
95287;Grisy-les-Plâtres;0;31090;10;529
95288;Groslay;0;26430;93;5872
95295;Guiry-en-Vexin;0;29600;1;110
95298;Haravilliers;0;30750;9;412
95301;Haute-Isle;0;26340;4;222
95303;Le Heaulme;0;28140;2;148
95304;Hédouville;0;33710;5;218
95306;Herblay-sur-Seine;0;27080;323;21448
95308;Hérouville-en-Vexin;0;29670;3;429
95309;Hodent;0;27430;0;167
95313;L'Isle-Adam;0;28610;136;9471
95316;Jagny-sous-Bois;0;30470;3;200
95323;Jouy-le-Moutier;0;24800;101;11447
95328;Labbeville;0;27790;10;452
95331;Lassy;0;24820;3;143
95341;Livilliers;0;33270;4;285
95348;Longuesse;0;30550;2;387
95351;Louvres;0;22430;77;8379
95352;Luzarches;0;28090;33;3490
95353;Maffliers;0;28980;15;1252
95355;Magny-en-Vexin;0;23850;61;4154
95365;Mareil-en-France;0;28300;9;512
95369;Margency;0;31670;14;2069
95370;Marines;0;26990;41;2461
95371;Marly-la-Ville;0;26550;31;4078
95379;Maudétour-en-Vexin;0;29620;1;152
95387;Menouville;0;N/A - secret statistique;0;49
95388;Menucourt;0;25830;15;4186
95392;Mériel;0;27430;43;3788
95394;Méry-sur-Oise;0;26220;124;6776
95395;Le Mesnil-Aubry;0;27520;13;643
95409;Moisselles;0;28790;16;945
95422;Montgeroult;0;30260;2;272
95424;Montigny-lès-Cormeilles;0;21970;187;14738
95426;Montlignon;0;34100;20;2088
95427;Montmagny;0;21400;128;9705
95428;Montmorency;0;28430;121;15401
95429;Montreuil-sur-Epte;0;27590;5;286
95430;Montsoult;0;28560;33;2986
95436;Mours;0;28640;12;1161
95438;Moussy;0;27330;1;77
95445;Nerville-la-Forêt;0;28750;8;564
95446;Nesles-la-Vallée;0;31280;12;1389
95447;Neuilly-en-Vexin;0;26820;5;175
95450;Neuville-sur-Oise;0;31300;18;1413
95452;Nointel;0;28910;6;636
95456;Noisy-sur-Oise;0;27640;8;441
95459;Nucourt;0;28030;6;532
95462;Omerville;0;27310;1;253
95476;Osny;0;26100;123;12529
95480;Parmain;0;28950;35;4034
95483;Le Perchay;0;30570;5;363
95487;Persan;0;19590;113;9508
95488;Pierrelaye;0;23380;143;6941
95489;Piscop;0;27800;12;492
95491;Le Plessis-Bouchard;0;28550;72;5955
95492;Le Plessis-Gassot;0;N/A - secret statistique;1;71
95493;Le Plessis-Luzarches;0;28460;2;111
95500;Pontoise;0;22340;241;21260
95504;Presles;0;29450;30;2926
95509;Puiseux-en-France;0;25860;21;2627
95510;Puiseux-Pontoise;0;27320;17;421
95523;La Roche-Guyon;0;25480;4;334
95527;Roissy-en-France;7;25320;48;1937
95529;Ronquerolles;0;29160;9;654
95535;Sagy;0;29810;7;827
95539;Saint-Brice-sous-Forêt;0;25120;112;10101
95541;Saint-Clair-sur-Epte;0;23280;8;713
95543;Saint-Cyr-en-Arthies;0;28810;3;176
95554;Saint-Gervais;0;28780;11;664
95555;Saint-Gratien;0;23910;126;14898
95563;Saint-Leu-la-Forêt;0;28960;151;11426
95566;Saint-Martin-du-Tertre;0;25890;21;1808
95572;Saint-Ouen-l'Aumône;0;21350;280;17441
95574;Saint-Prix;0;31490;59;5420
95580;Saint-Witz;0;34910;29;1763
95582;Sannois;0;24250;229;18795
95584;Santeuil;0;30530;11;468
95585;Sarcelles;0;16520;613;37459
95592;Seraincourt;0;29760;16;965
95594;Seugy;0;28690;9;779
95598;Soisy-sous-Montmorency;0;26100;100;12837
95604;Survilliers;0;23580;24;2820
95607;Taverny;1;25570;201;18761
95610;Théméricourt;0;31340;2;198
95611;Theuville;0;N/A - secret statistique;0;37
95612;Le Thillay;0;23160;92;3210
95625;Us;0;28530;10;959
95627;Vallangoujard;0;31710;9;445
95628;Valmondois;0;29420;10;903
95633;Vaudherland;0;23780;3;74
95637;Vauréal;0;25250;68;10922
95641;Vémars;0;25440;22;2042
95651;Vétheuil;0;26390;7;671
95652;Viarmes;0;27920;63;4047
95656;Vienne-en-Arthies;0;28380;7;296
95658;Vigny;0;30870;18;804
95660;Villaines-sous-Bois;0;29830;10;570
95675;Villeron;0;25940;10;1111
95676;Villers-en-Arthies;0;28540;5;350
95678;Villiers-Adam;0;30090;15;629
95680;Villiers-le-Bel;0;16190;224;18593
95682;Villiers-le-Sec;0;24880;6;139
95690;Wy-dit-Joli-Village;0;31810;4;263