Exercice;Outre-mer;Code Insee 2024 Région;Nom 2024 Région;Code Insee 2024 Département;Nom 2024 Département;Code Siren 2024 EPCI;Nom 2024 EPCI;Strate population 2024;Commune rurale;Commune de montagne;Commune touristique;Tranche revenu par habitant;Présence QPV;Code Insee 2024 Commune;Nom 2024 Commune;Catégorie;Code Siren Collectivité;Code Insee Collectivité;Libellé Budget;Agrégat;Montant BP;Montant BA;Montant flux BP-BA;Montant;Montant en millions;Population totale;Montant en € par habitant;Compte 2024 Disponible;ordre_analyse1_section1;ordre_analyse1_section2;ordre_analyse1_section3;ordre_analyse2_section1;ordre_analyse2_section2;ordre_analyse2_section3;ordre_analyse3_section1;ordre_analyse3_section2;ordre_analyse3_section3;ordre_analyse4_section1;annee_join;Population totale du dernier exercice
1;Non;24;Centre-Val de Loire;45;Loiret;200067668;Communauté de communes de la Cléry,du Betz et de l'Ouanne;3;Oui;Non;Non;1;Non;45129;Douchy-Montcorbon;Commune;200056794;45129;DOUCHY-MONTCORBON;Epargne nette;93750.8100000001;168406.59;0.0;262157.4;0.26215740000000004;1373;190.9376547705754;1;;;;;;;;;2;;2024;1373
2;Non;24;Centre-Val de Loire;45;Loiret;200071850;Communauté de communes du Pithiverais-Gâtinais;6;Non;Non;Non;1;Non;45191;Le Malesherbois;Commune;200057255;45191;MALESHERBOIS LE;Epargne nette;1003273.69;1199208.41;0.0;2202482.1;2.2024821;8170;269.58165238678095;1;;;;;;;;;2;;2024;8170
3;Non;24;Centre-Val de Loire;45;Loiret;200070100;Communauté de communes du Val de Sully;3;Non;Non;Non;2;Non;45051;Bray-Saint-Aignan;Commune;200063683;45051;BRAY-ST-AIGNAN;Epargne nette;108652.42;16482.05;0.0;125134.47;0.12513447;1780;70.30026404494382;1;;;;;;;;;2;;2024;1780
4;Non;24;Centre-Val de Loire;45;Loiret;200067668;Communauté de communes de la Cléry,du Betz et de l'Ouanne;3;Oui;Non;Non;2;Non;45307;La Selle-sur-le-Bied;Commune;200088532;45307;LA SELLE-SUR-LE-BIED;Epargne nette;453559.15;3414.34;0.0;456973.49;0.45697349;1131;404.04375773651634;1;;;;;;;;;2;;2024;1131
5;Non;24;Centre-Val de Loire;45;Loiret;200068278;Communauté de communes Berry Loire Puisaye;2;Oui;Non;Non;1;Non;45001;Adon;Commune;214500019;45001;ADON;Epargne nette;14675.39;0.0;0.0;14675.39;0.01467539;200;73.37695;1;;;;;;;;;2;;2024;200
6;Non;24;Centre-Val de Loire;45;Loiret;200067676;Communauté de communes Canaux et Forêts en Gâtinais;2;Oui;Non;Non;2;Non;45002;Aillant-sur-Milleron;Commune;214500027;45002;AILLANT-SUR-MILLERON;Epargne nette;33575.27;0.0;0.0;33575.27;0.03357527;375;89.53405333333332;1;;;;;;;;;2;;2024;375
7;Non;24;Centre-Val de Loire;45;Loiret;244500203;Communauté d'agglomération Montargoise et Rives du Loing (AME);7;Non;Non;Non;2;Non;45004;Amilly;Commune;214500043;45004;AMILLY;Epargne nette;3797144.42;0.0;0.0;3797144.42;3.79714442;13835;274.459300325262;1;;;;;;;;;2;;2024;13835
8;Non;24;Centre-Val de Loire;45;Loiret;244500542;Communauté de communes de la Plaine du Nord Loiret;2;Oui;Non;Non;2;Non;45005;Andonville;Commune;214500050;45005;ANDONVILLE;Epargne nette;-38154.4;0.0;0.0;-38154.4;-0.0381544;260;-146.74769230769232;1;;;;;;;;;2;;2024;260
9;Non;24;Centre-Val de Loire;45;Loiret;200005932;Communauté de communes des Portes de Sologne;3;Oui;Non;Non;5;Non;45006;Ardon;Commune;214500068;45006;ARDON;Epargne nette;91658.02;39058.25;0.0;130716.27;0.13071627;1195;109.38600000000001;1;;;;;;;;;2;;2024;1195
10;Non;24;Centre-Val de Loire;45;Loiret;200035764;Communauté de communes de la Beauce Loirétaine;4;Oui;Non;Non;1;Non;45008;Artenay;Commune;214500084;45008;ARTENAY;Epargne nette;386557.62;0.0;0.0;386557.62;0.38655762;2011;192.22159124813524;1;;;;;;;;;2;;2024;2011
11;Non;24;Centre-Val de Loire;45;Loiret;244500484;Communauté de communes de la Forêt;3;Oui;Non;Non;2;Non;45009;Aschères-le-Marché;Commune;214500092;45009;ASCHERES-LE-MARCHE;Epargne nette;154829.48;0.0;0.0;154829.48;0.15482948000000002;1171;132.2198804440649;1;;;;;;;;;2;;2024;1171
12;Non;24;Centre-Val de Loire;45;Loiret;200066280;Communauté de communes du Pithiverais;3;Oui;Non;Non;1;Non;45010;Ascoux;Commune;214500100;45010;ASCOUX;Epargne nette;95327.5499999999;0.0;0.0;95327.5499999999;0.0953275499999999;1108;86.03569494584829;1;;;;;;;;;2;;2024;1108
13;Non;24;Centre-Val de Loire;45;Loiret;244500542;Communauté de communes de la Plaine du Nord Loiret;2;Oui;Non;Non;1;Non;45011;Attray;Commune;214500118;45011;ATTRAY;Epargne nette;-31949.26;0.0;0.0;-31949.26;-0.03194926;212;-150.70405660377358;1;;;;;;;;;2;;2024;212
14;Non;24;Centre-Val de Loire;45;Loiret;200066280;Communauté de communes du Pithiverais;1;Oui;Non;Non;1;Non;45012;Audeville;Commune;214500126;45012;AUDEVILLE;Epargne nette;11967.25;0.0;0.0;11967.25;0.01196725;183;65.39480874316939;1;;;;;;;;;2;;2024;183
15;Non;24;Centre-Val de Loire;45;Loiret;200071850;Communauté de communes du Pithiverais-Gâtinais;2;Oui;Non;Non;3;Non;45013;Augerville-la-Rivière;Commune;214500134;45013;AUGERVILLE-LA-RIVIERE;Epargne nette;-31025.86;0.0;0.0;-31025.86;-0.03102586;228;-136.07833333333335;1;;;;;;;;;2;;2024;228
16;Non;24;Centre-Val de Loire;45;Loiret;200071850;Communauté de communes du Pithiverais-Gâtinais;3;Oui;Non;Non;2;Non;45014;Aulnay-la-Rivière;Commune;214500142;45014;AULNAY-LA-RIVIERE;Epargne nette;16866.96;63005.39;0.0;79872.35;0.07987235000000001;509;156.92013752455796;1;;;;;;;;;2;;2024;509
17;Non;24;Centre-Val de Loire;45;Loiret;200066280;Communauté de communes du Pithiverais;3;Oui;Non;Non;2;Non;45015;Autruy-sur-Juine;Commune;214500159;45015;AUTRUY-SUR-JUINE;Epargne nette;-179151.5;0.0;0.0;-179151.5;-0.1791515;728;-246.08722527472528;1;;;;;;;;;2;;2024;728
18;Non;24;Centre-Val de Loire;45;Loiret;200068278;Communauté de communes Berry Loire Puisaye;3;Oui;Non;Non;2;Non;45016;Autry-le-Châtel;Commune;214500167;45016;AUTRY-LE-CHATEL;Epargne nette;244184.84;54131.2;0.0;298316.04;0.29831604;915;326.0284590163934;1;;;;;;;;;2;;2024;915
19;Non;24;Centre-Val de Loire;45;Loiret;200067676;Communauté de communes Canaux et Forêts en Gâtinais;2;Oui;Non;Non;2;Non;45017;Auvilliers-en-Gâtinais;Commune;214500175;45017;AUVILLIERS-EN-GATINAIS;Epargne nette;23202.38;7043.79;0.0;30246.17;0.03024617;339;89.22174041297934;1;;;;;;;;;2;;2024;339
20;Non;24;Centre-Val de Loire;45;Loiret;200071850;Communauté de communes du Pithiverais-Gâtinais;3;Oui;Non;Non;1;Non;45018;Auxy;Commune;214500183;45018;AUXY;Epargne nette;67696.44;148675.11;0.0;216371.55;0.21637155;972;222.60447530864195;1;;;;;;;;;2;;2024;972
21;Non;24;Centre-Val de Loire;45;Loiret;200070183;Communauté de communes des Terres du Val de Loire;3;Oui;Non;Non;2;Non;45019;Baccon;Commune;214500191;45019;BACCON;Epargne nette;47496.48;31117.97;0.0;78614.45;0.07861445;678;115.95051622418879;1;;;;;;;;;2;;2024;678
22;Non;24;Centre-Val de Loire;45;Loiret;200070183;Communauté de communes des Terres du Val de Loire;3;Oui;Non;Non;2;Non;45020;Le Bardon;Commune;214500209;45020;BARDON LE;Epargne nette;-54535.1899999999;-11525.53;0.0;-66060.7199999999;-0.0660607199999999;994;-66.4594768611669;1;;;;;;;;;2;;2024;994
23;Non;24;Centre-Val de Loire;45;Loiret;200071850;Communauté de communes du Pithiverais-Gâtinais;2;Oui;Non;Non;1;Non;45021;Barville-en-Gâtinais;Commune;214500217;45021;BARVILLE-EN-GATINAIS;Epargne nette;32109.89;43182.62;0.0;75292.51;0.07529250999999999;308;244.45620129870127;1;;;;;;;;;2;;2024;308
24;Non;24;Centre-Val de Loire;45;Loiret;200071850;Communauté de communes du Pithiverais-Gâtinais;2;Oui;Non;Non;1;Non;45022;Batilly-en-Gâtinais;Commune;214500225;45022;BATILLY-EN-GATINAIS;Epargne nette;-56259.9;107396.92;0.0;51137.02;0.05113702;448;114.14513392857143;1;;;;;;;;;2;;2024;448
25;Non;24;Centre-Val de Loire;45;Loiret;200068278;Communauté de communes Berry Loire Puisaye;1;Oui;Non;Non;1;Non;45023;Batilly-en-Puisaye;Commune;214500233;45023;BATILLY-EN-PUISAYE;Epargne nette;39981.38;0.0;0.0;39981.38;0.03998138;109;366.80165137614676;1;;;;;;;;;2;;2024;109
26;Non;24;Centre-Val de Loire;45;Loiret;200070183;Communauté de communes des Terres du Val de Loire;4;Non;Non;Non;2;Non;45024;Baule;Commune;214500241;45024;BAULE;Epargne nette;-48988.5;-81917.48;0.0;-130905.98;-0.13090598;2074;-63.117637415621985;1;;;;;;;;;2;;2024;2074
27;Non;24;Centre-Val de Loire;45;Loiret;244500542;Communauté de communes de la Plaine du Nord Loiret;3;Oui;Non;Non;1;Non;45025;Bazoches-les-Gallerandes;Commune;214500258;45025;BAZOCHES-LES-GALLERANDES;Epargne nette;35164.1099999999;0.0;0.0;35164.1099999999;0.0351641099999999;1525;23.05843278688518;1;;;;;;;;;2;;2024;1525
28;Non;24;Centre-Val de Loire;45;Loiret;200067668;Communauté de communes de la Cléry,du Betz et de l'Ouanne;3;Oui;Non;Non;2;Non;45026;Bazoches-sur-le-Betz;Commune;214500266;45026;BAZOCHES-SUR-LE-BETZ;Epargne nette;21930.4899999999;-8418.51;0.0;13511.9799999999;0.0135119799999999;986;13.703833671399492;1;;;;;;;;;2;;2024;986
29;Non;24;Centre-Val de Loire;45;Loiret;200067676;Communauté de communes Canaux et Forêts en Gâtinais;2;Oui;Non;Non;2;Non;45027;Beauchamps-sur-Huillard;Commune;214500274;45027;BEAUCHAMPS-SUR-HUILLARD;Epargne nette;32086.07;9314.11;0.0;41400.18;0.04140018;394;105.07659898477158;1;;;;;;;;;2;;2024;394
30;Non;24;Centre-Val de Loire;45;Loiret;200070183;Communauté de communes des Terres du Val de Loire;6;Non;Non;Non;2;Non;45028;Beaugency;Commune;214500282;45028;BEAUGENCY;Epargne nette;1042612.05;54588.71;0.0;1097200.76;1.09720076;7796;140.73893791688045;1;;;;;;;;;2;;2024;7796
31;Non;24;Centre-Val de Loire;45;Loiret;200068278;Communauté de communes Berry Loire Puisaye;3;Oui;Non;Non;1;Non;45029;Beaulieu-sur-Loire;Commune;214500290;45029;BEAULIEU-SUR-LOIRE;Epargne nette;50253.7200000002;120718.22;0.0;170971.94;0.17097194;1789;95.56844046953606;1;;;;;;;;;2;;2024;1789
32;Non;24;Centre-Val de Loire;45;Loiret;200071850;Communauté de communes du Pithiverais-Gâtinais;4;Oui;Non;Non;1;Non;45030;Beaune-la-Rolande;Commune;214500308;45030;BEAUNE-LA-ROLANDE;Epargne nette;232659.91;260229.7;0.0;492889.61;0.49288961;2120;232.49509905660378;1;;;;;;;;;2;;2024;2120
33;Non;24;Centre-Val de Loire;45;Loiret;200067676;Communauté de communes Canaux et Forêts en Gâtinais;3;Non;Non;Non;1;Non;45031;Bellegarde;Commune;214500316;45031;BELLEGARDE;Epargne nette;194298.01;0.0;0.0;194298.01;0.19429801000000002;1523;127.57584372948129;1;;;;;;;;;2;;2024;1523
34;Non;24;Centre-Val de Loire;45;Loiret;244500419;Communauté de communes des Quatre Vallées;2;Oui;Non;Non;2;Non;45032;Le Bignon-Mirabeau;Commune;214500324;45032;BIGNON MIRABEAU LE;Epargne nette;37240.32;-10616.91;0.0;26623.41;0.02662341;312;85.33144230769231;1;;;;;;;;;2;;2024;312
35;Non;24;Centre-Val de Loire;45;Loiret;200071850;Communauté de communes du Pithiverais-Gâtinais;2;Oui;Non;Non;2;Non;45033;Boësses;Commune;214500332;45033;BOESSES;Epargne nette;34268.53;37157.14;0.0;71425.67;0.07142567;377;189.45801061007958;1;;;;;;;;;2;;2024;377
36;Non;24;Centre-Val de Loire;45;Loiret;244500468;Orléans Métropole;4;Non;Non;Non;2;Non;45034;Boigny-sur-Bionne;Commune;214500340;45034;BOIGNY-SUR-BIONNE;Epargne nette;439587.4;0.0;0.0;439587.4;0.4395874;2143;205.12711152589827;1;;;;;;;;;2;;2024;2143
37;Non;24;Centre-Val de Loire;45;Loiret;200071850;Communauté de communes du Pithiverais-Gâtinais;3;Oui;Non;Non;1;Non;45035;Boiscommun;Commune;214500357;45035;BOISCOMMUN;Epargne nette;118338.9;115937.42;0.0;234276.32;0.23427632;1157;202.48601555747624;1;;;;;;;;;2;;2024;1157
38;Non;24;Centre-Val de Loire;45;Loiret;244500211;Communauté de communes Giennoises;3;Oui;Non;Non;2;Non;45036;Boismorand;Commune;214500365;45036;BOISMORAND;Epargne nette;152678.43;0.0;0.0;152678.43;0.15267843;877;174.09171037628278;1;;;;;;;;;2;;2024;877
39;Non;24;Centre-Val de Loire;45;Loiret;244500542;Communauté de communes de la Plaine du Nord Loiret;3;Oui;Non;Non;1;Non;45037;Boisseaux;Commune;214500373;45037;BOISSEAUX;Epargne nette;88235.09;-398677.21;0.0;-310442.12;-0.31044212;521;-595.8581957773513;1;;;;;;;;;2;;2024;521
40;Non;24;Centre-Val de Loire;45;Loiret;200066280;Communauté de communes du Pithiverais;2;Non;Non;Non;2;Non;45038;Bondaroy;Commune;214500381;45038;BONDAROY;Epargne nette;175616.8;0.0;0.0;175616.8;0.1756168;429;409.36317016317014;1;;;;;;;;;2;;2024;429
41;Non;24;Centre-Val de Loire;45;Loiret;200070100;Communauté de communes du Val de Sully;3;Non;Non;Non;2;Non;45039;Bonnée;Commune;214500399;45039;BONNEE;Epargne nette;37111.6800000001;31120.48;0.0;68232.1600000001;0.06823216000000011;722;94.50437673130209;1;;;;;;;;;2;;2024;722
42;Non;24;Centre-Val de Loire;45;Loiret;200068278;Communauté de communes Berry Loire Puisaye;3;Oui;Non;Non;1;Non;45040;Bonny-sur-Loire;Commune;214500407;45040;BONNY-SUR-LOIRE;Epargne nette;213914.81;0.0;0.0;213914.81;0.21391481;1866;114.63816184351553;1;;;;;;;;;2;;2024;1866
43;Non;24;Centre-Val de Loire;45;Loiret;200071850;Communauté de communes du Pithiverais-Gâtinais;1;Oui;Non;Non;2;Non;45041;Bordeaux-en-Gâtinais;Commune;214500415;45041;BORDEAUX-EN-GATINAIS;Epargne nette;5178.07000000001;0.0;0.0;5178.07000000001;0.0051780700000000094;111;46.64927927927937;1;;;;;;;;;2;;2024;111
44;Non;24;Centre-Val de Loire;45;Loiret;200070100;Communauté de communes du Val de Sully;3;Non;Non;Non;2;Non;45042;Les Bordes;Commune;214500423;45042;BORDES LES;Epargne nette;188489.82;-23789.16;0.0;164700.66;0.16470066;1911;86.18558869701727;1;;;;;;;;;2;;2024;1911
45;Non;24;Centre-Val de Loire;45;Loiret;244500468;Orléans Métropole;3;Oui;Non;Non;2;Non;45043;Bou;Commune;214500431;45043;BOU;Epargne nette;162520.28;0.0;0.0;162520.28;0.16252028;1034;157.17628626692456;1;;;;;;;;;2;;2024;1034
46;Non;24;Centre-Val de Loire;45;Loiret;244500484;Communauté de communes de la Forêt;1;Oui;Non;Non;3;Non;45044;Bougy-lez-Neuville;Commune;214500449;45044;BOUGY-LEZ-NEUVILLE;Epargne nette;21193.42;0.0;0.0;21193.42;0.021193419999999998;165;128.44496969696968;1;;;;;;;;;2;;2024;165
47;Non;24;Centre-Val de Loire;45;Loiret;200066280;Communauté de communes du Pithiverais;2;Oui;Non;Non;2;Non;45045;Bouilly-en-Gâtinais;Commune;214500456;45045;BOUILLY-EN-GATINAIS;Epargne nette;-15111.39;0.0;0.0;-15111.39;-0.015111389999999999;321;-47.075981308411215;1;;;;;;;;;2;;2024;321
48;Non;24;Centre-Val de Loire;45;Loiret;200035764;Communauté de communes de la Beauce Loirétaine;3;Oui;Non;Non;1;Non;45046;Boulay-les-Barres;Commune;214500464;45046;BOULAY-LES-BARRES;Epargne nette;59326.9300000001;0.0;0.0;59326.9300000001;0.059326930000000104;1069;55.497595884003836;1;;;;;;;;;2;;2024;1069
49;Non;24;Centre-Val de Loire;45;Loiret;200066280;Communauté de communes du Pithiverais;2;Oui;Non;Non;1;Non;45047;Bouzonville-aux-Bois;Commune;214500472;45047;BOUZONVILLE-AUX-BOIS;Epargne nette;47905.71;0.0;0.0;47905.71;0.04790571;423;113.2522695035461;1;;;;;;;;;2;;2024;423
50;Non;24;Centre-Val de Loire;45;Loiret;244500427;Communauté de communes des Loges;3;Non;Non;Non;2;Non;45049;Bouzy-la-Forêt;Commune;214500498;45049;BOUZY-LA-FORET;Epargne nette;59809.7500000001;129754.38;0.0;189564.13;0.18956413;1255;151.0471155378486;1;;;;;;;;;2;;2024;1255
51;Non;24;Centre-Val de Loire;45;Loiret;200066280;Communauté de communes du Pithiverais;3;Oui;Non;Non;1;Non;45050;Boynes;Commune;214500506;45050;BOYNES;Epargne nette;-52150.4199999999;0.0;0.0;-52150.4199999999;-0.0521504199999999;1361;-38.3177222630418;1;;;;;;;;;2;;2024;1361
52;Non;24;Centre-Val de Loire;45;Loiret;200068278;Communauté de communes Berry Loire Puisaye;0;Oui;Non;Non;1;Non;45052;Breteau;Commune;214500522;45052;BRETEAU;Epargne nette;2908.15000000001;0.0;0.0;2908.15000000001;0.00290815000000001;99;29.375252525252627;1;;;;;;;;;2;;2024;99
53;Non;24;Centre-Val de Loire;45;Loiret;200068278;Communauté de communes Berry Loire Puisaye;6;Non;Non;Non;1;Non;45053;Briare;Commune;214500530;45053;BRIARE;Epargne nette;1540927.6;55833.13;0.0;1596760.73;1.59676073;5185;307.9577107039537;1;;;;;;;;;2;;2024;5185
54;Non;24;Centre-Val de Loire;45;Loiret;200071850;Communauté de communes du Pithiverais-Gâtinais;3;Oui;Non;Non;2;Non;45054;Briarres-sur-Essonne;Commune;214500548;45054;BRIARRES-SUR-ESSONNE;Epargne nette;21735.35;0.0;0.0;21735.35;0.021735349999999997;542;40.10212177121771;1;;;;;;;;;2;;2024;542
55;Non;24;Centre-Val de Loire;45;Loiret;200035764;Communauté de communes de la Beauce Loirétaine;3;Oui;Non;Non;1;Non;45055;Bricy;Commune;214500555;45055;BRICY;Epargne nette;4045.15999999997;0.0;0.0;4045.15999999997;0.0040451599999999695;564;7.172269503546046;1;;;;;;;;;2;;2024;564
56;Non;24;Centre-Val de Loire;45;Loiret;200071850;Communauté de communes du Pithiverais-Gâtinais;2;Oui;Non;Non;2;Non;45056;Bromeilles;Commune;214500563;45056;BROMEILLES;Epargne nette;19638.51;32563.36;0.0;52201.87;0.052201870000000004;322;162.1176086956522;1;;;;;;;;;2;;2024;322
57;Non;24;Centre-Val de Loire;45;Loiret;200035764;Communauté de communes de la Beauce Loirétaine;1;Oui;Non;Non;2;Non;45058;Bucy-le-Roi;Commune;214500589;45058;BUCY-LE-ROI;Epargne nette;-25124.32;0.0;0.0;-25124.32;-0.02512432;185;-135.80713513513513;1;;;;;;;;;2;;2024;185
58;Non;24;Centre-Val de Loire;45;Loiret;200035764;Communauté de communes de la Beauce Loirétaine;2;Oui;Non;Non;3;Non;45059;Bucy-Saint-Liphard;Commune;214500597;45059;BUCY-SAINT-LIPHARD;Epargne nette;-116312.59;0.0;0.0;-116312.59;-0.11631259;203;-572.9684236453202;1;;;;;;;;;2;;2024;203
59;Non;24;Centre-Val de Loire;45;Loiret;200068278;Communauté de communes Berry Loire Puisaye;3;Oui;Non;Non;2;Non;45060;La Bussière;Commune;214500605;45060;BUSSIERE LA;Epargne nette;24747.24;0.0;0.0;24747.24;0.02474724;788;31.405126903553302;1;;;;;;;;;2;;2024;788
60;Non;24;Centre-Val de Loire;45;Loiret;244500203;Communauté d'agglomération Montargoise et Rives du Loing (AME);4;Non;Non;Non;2;Non;45061;Cepoy;Commune;214500613;45061;CEPOY;Epargne nette;314651.179999999;0.0;0.0;314651.179999999;0.31465117999999903;2431;129.43281777046442;1;;;;;;;;;2;;2024;2431
61;Non;24;Centre-Val de Loire;45;Loiret;200035764;Communauté de communes de la Beauce Loirétaine;3;Oui;Non;Non;2;Non;45062;Cercottes;Commune;214500621;45062;CERCOTTES;Epargne nette;213264.39;0.0;0.0;213264.39;0.21326439000000003;1529;139.47965336821454;1;;;;;;;;;2;;2024;1529
62;Non;24;Centre-Val de Loire;45;Loiret;200070100;Communauté de communes du Val de Sully;3;Oui;Non;Non;2;Non;45063;Cerdon;Commune;214500639;45063;CERDON;Epargne nette;17009.0600000001;50482.33;0.0;67491.3900000001;0.0674913900000001;922;73.20107375271161;1;;;;;;;;;2;;2024;922
63;Non;24;Centre-Val de Loire;45;Loiret;200068278;Communauté de communes Berry Loire Puisaye;2;Oui;Non;Non;1;Non;45064;Cernoy-en-Berry;Commune;214500647;45064;CERNOY-EN-BERRY;Epargne nette;-14293.3;0.0;0.0;-14293.3;-0.0142933;440;-32.48477272727273;1;;;;;;;;;2;;2024;440
64;Non;24;Centre-Val de Loire;45;Loiret;200066280;Communauté de communes du Pithiverais;2;Oui;Non;Non;2;Non;45065;Césarville-Dossainville;Commune;214500654;45065;CESARVILLE-DOSSAINVILLE;Epargne nette;36950.42;0.0;0.0;36950.42;0.03695042;222;166.44333333333333;1;;;;;;;;;2;;2024;222
65;Non;24;Centre-Val de Loire;45;Loiret;200067676;Communauté de communes Canaux et Forêts en Gâtinais;3;Oui;Non;Non;1;Non;45066;Chailly-en-Gâtinais;Commune;214500662;45066;CHAILLY-EN-GATINAIS;Epargne nette;75981.6199999999;6928.44;0.0;82910.0599999999;0.0829100599999999;692;119.81222543352587;1;;;;;;;;;2;;2024;692
66;Non;24;Centre-Val de Loire;45;Loiret;200070183;Communauté de communes des Terres du Val de Loire;5;Non;Non;Non;2;Non;45067;Chaingy;Commune;214500670;45067;CHAINGY;Epargne nette;627698.580000001;60968.46;0.0;688667.040000001;0.688667040000001;4160;165.54496153846176;1;;;;;;;;;2;;2024;4160
67;Non;24;Centre-Val de Loire;45;Loiret;244500203;Communauté d'agglomération Montargoise et Rives du Loing (AME);7;Non;Non;Non;1;Oui;45068;Châlette-sur-Loing;Commune;214500688;45068;CHALETTE-SUR-LOING;Epargne nette;2587640.08;0.0;0.0;2587640.08;2.58764008;12954;199.7560660799753;1;;;;;;;;;2;;2024;12954
68;Non;24;Centre-Val de Loire;45;Loiret;200071850;Communauté de communes du Pithiverais-Gâtinais;3;Oui;Non;Non;1;Non;45069;Chambon-la-Forêt;Commune;214500696;45069;CHAMBON-LA-FORET;Epargne nette;175818.69;99116.68;0.0;274935.37;0.27493537;980;280.5462959183673;1;;;;;;;;;2;;2024;980
69;Non;24;Centre-Val de Loire;45;Loiret;200068278;Communauté de communes Berry Loire Puisaye;0;Oui;Non;Non;1;Non;45070;Champoulet;Commune;214500704;45070;CHAMPOULET;Epargne nette;26336.78;0.0;0.0;26336.78;0.026336779999999997;59;446.3861016949152;1;;;;;;;;;2;;2024;59
70;Non;24;Centre-Val de Loire;45;Loiret;244500468;Orléans Métropole;3;Oui;Non;Non;2;Non;45072;Chanteau;Commune;214500720;45072;CHANTEAU;Epargne nette;96590.6199999996;0.0;0.0;96590.6199999996;0.0965906199999996;1658;58.25731001206248;1;;;;;;;;;2;;2024;1658
71;Non;24;Centre-Val de Loire;45;Loiret;200067668;Communauté de communes de la Cléry,du Betz et de l'Ouanne;3;Oui;Non;Non;1;Non;45073;Chantecoq;Commune;214500738;45073;CHANTECOQ;Epargne nette;-5505.10000000009;7680.32999999999;0.0;2175.2299999999;0.0021752299999999;510;4.2651568627449015;1;;;;;;;;;2;;2024;510
72;Non;24;Centre-Val de Loire;45;Loiret;200035764;Communauté de communes de la Beauce Loirétaine;1;Oui;Non;Non;2;Non;45074;La Chapelle-Onzerain;Commune;214500746;45074;CHAPELLE ONZERAIN LA;Epargne nette;-31403.77;0.0;0.0;-31403.77;-0.03140377;116;-270.7221551724138;1;;;;;;;;;2;;2024;116
73;Non;24;Centre-Val de Loire;45;Loiret;244500468;Orléans Métropole;7;Non;Non;Non;2;Non;45075;La Chapelle-Saint-Mesmin;Commune;214500753;45075;CHAPELLE-SAINT-MESMIN LA;Epargne nette;1315817.07;0.0;0.0;1315817.07;1.31581707;10414;126.35078452083734;1;;;;;;;;;2;;2024;10414
74;Non;24;Centre-Val de Loire;45;Loiret;200067668;Communauté de communes de la Cléry,du Betz et de l'Ouanne;2;Oui;Non;Non;3;Non;45076;La Chapelle-Saint-Sépulcre;Commune;214500761;45076;CHAPELLE-SAINT-SEPULCRE LA;Epargne nette;42192.45;0.0;0.0;42192.45;0.04219245;233;181.08347639484978;1;;;;;;;;;2;;2024;233
75;Non;24;Centre-Val de Loire;45;Loiret;200067676;Communauté de communes Canaux et Forêts en Gâtinais;3;Oui;Non;Non;1;Non;45077;La Chapelle-sur-Aveyron;Commune;214500779;45077;CHAPELLE-SUR-AVEYRON LA;Epargne nette;49003.16;20132.44;0.0;69135.6;0.0691356;630;109.73904761904762;1;;;;;;;;;2;;2024;630
76;Non;24;Centre-Val de Loire;45;Loiret;200067676;Communauté de communes Canaux et Forêts en Gâtinais;2;Oui;Non;Non;2;Non;45078;Chapelon;Commune;214500787;45078;CHAPELON;Epargne nette;-149129.77;1003.0;0.0;-148126.77;-0.14812677;261;-567.5355172413792;1;;;;;;;;;2;;2024;261
77;Non;24;Centre-Val de Loire;45;Loiret;200067676;Communauté de communes Canaux et Forêts en Gâtinais;1;Oui;Non;Non;1;Non;45079;Le Charme;Commune;214500795;45079;CHARME LE;Epargne nette;9384.15000000002;0.0;0.0;9384.15000000002;0.00938415000000002;158;59.39335443037987;1;;;;;;;;;2;;2024;158
78;Non;24;Centre-Val de Loire;45;Loiret;244500542;Communauté de communes de la Plaine du Nord Loiret;2;Oui;Non;Non;2;Non;45080;Charmont-en-Beauce;Commune;214500803;45080;CHARMONT-EN-BEAUCE;Epargne nette;2129.41;0.0;0.0;2129.41;0.00212941;352;6.049460227272727;1;;;;;;;;;2;;2024;352
79;Non;24;Centre-Val de Loire;45;Loiret;200070183;Communauté de communes des Terres du Val de Loire;3;Oui;Non;Non;2;Non;45081;Charsonville;Commune;214500811;45081;CHARSONVILLE;Epargne nette;95845.47;20020.96;0.0;115866.43;0.11586642999999999;629;184.20736089030206;1;;;;;;;;;2;;2024;629
80;Non;24;Centre-Val de Loire;45;Loiret;244500427;Communauté de communes des Loges;6;Non;Non;Non;2;Non;45082;Châteauneuf-sur-Loire;Commune;214500829;45082;CHATEAUNEUF-SUR-LOIRE;Epargne nette;1108364.64;330266.07;0.0;1438630.71;1.43863071;8534;168.57636629950784;1;;;;;;;;;2;;2024;8534
81;Non;24;Centre-Val de Loire;45;Loiret;200067668;Communauté de communes de la Cléry,du Betz et de l'Ouanne;4;Oui;Non;Non;1;Non;45083;Château-Renard;Commune;214500837;45083;CHATEAU-RENARD;Epargne nette;496998.21;-77795.09;0.0;419203.12;0.41920312;2134;196.44007497656983;1;;;;;;;;;2;;2024;2134
82;Non;24;Centre-Val de Loire;45;Loiret;200067676;Communauté de communes Canaux et Forêts en Gâtinais;2;Oui;Non;Non;2;Non;45084;Châtenoy;Commune;214500845;45084;CHATENOY;Epargne nette;63937.68;-518.130000000001;0.0;63419.55;0.06341955;437;145.12482837528606;1;;;;;;;;;2;;2024;437
83;Non;24;Centre-Val de Loire;45;Loiret;200067676;Communauté de communes Canaux et Forêts en Gâtinais;3;Non;Non;Non;1;Non;45085;Châtillon-Coligny;Commune;214500852;45085;CHATILLON-COLIGNY;Epargne nette;234827.54;0.0;0.0;234827.54;0.23482754;1886;124.51089077412513;1;;;;;;;;;2;;2024;1886
84;Non;24;Centre-Val de Loire;45;Loiret;244500542;Communauté de communes de la Plaine du Nord Loiret;2;Oui;Non;Non;1;Non;45086;Châtillon-le-Roi;Commune;214500860;45086;CHATILLON-LE-ROI;Epargne nette;8493.09;0.0;0.0;8493.09;0.00849309;280;30.332464285714288;1;;;;;;;;;2;;2024;280
85;Non;24;Centre-Val de Loire;45;Loiret;200068278;Communauté de communes Berry Loire Puisaye;4;Non;Non;Non;1;Non;45087;Châtillon-sur-Loire;Commune;214500878;45087;CHATILLON-SUR-LOIRE;Epargne nette;582578.45;-24216.49;0.0;558361.96;0.5583619599999999;3179;175.64075495438817;1;;;;;;;;;2;;2024;3179
86;Non;24;Centre-Val de Loire;45;Loiret;244500542;Communauté de communes de la Plaine du Nord Loiret;2;Oui;Non;Non;2;Non;45088;Chaussy;Commune;214500886;45088;CHAUSSY;Epargne nette;14966.82;0.0;0.0;14966.82;0.01496682;290;51.60972413793103;1;;;;;;;;;2;;2024;290
87;Non;24;Centre-Val de Loire;45;Loiret;244500468;Orléans Métropole;6;Non;Non;Non;2;Non;45089;Chécy;Commune;214500894;45089;CHECY;Epargne nette;2489180.31;10669.85;0.0;2499850.16;2.4998501600000003;8983;278.28678169876434;1;;;;;;;;;2;;2024;8983
88;Non;24;Centre-Val de Loire;45;Loiret;244500419;Communauté de communes des Quatre Vallées;2;Oui;Non;Non;1;Non;45091;Chevannes;Commune;214500910;45091;CHEVANNES;Epargne nette;80303.91;0.0;0.0;80303.91;0.08030391;329;244.08483282674774;1;;;;;;;;;2;;2024;329
89;Non;24;Centre-Val de Loire;45;Loiret;244500203;Communauté d'agglomération Montargoise et Rives du Loing (AME);3;Oui;Non;Non;2;Non;45092;Chevillon-sur-Huillard;Commune;214500928;45092;CHEVILLON-SUR-HUILLARD;Epargne nette;119281.88;0.0;0.0;119281.88;0.11928188;1530;77.96201307189543;1;;;;;;;;;2;;2024;1530
90;Non;24;Centre-Val de Loire;45;Loiret;200035764;Communauté de communes de la Beauce Loirétaine;4;Non;Non;Non;2;Non;45093;Chevilly;Commune;214500936;45093;CHEVILLY;Epargne nette;-308335.71;2479.27;0.0;-305856.44;-0.30585644;2683;-113.9979276928811;1;;;;;;;;;2;;2024;2683
91;Non;24;Centre-Val de Loire;45;Loiret;244500419;Communauté de communes des Quatre Vallées;2;Oui;Non;Non;2;Non;45094;Chevry-sous-le-Bignon;Commune;214500944;45094;CHEVRY-SOUS-LE-BIGNON;Epargne nette;65704.87;0.0;0.0;65704.87;0.06570487;228;288.1792543859649;1;;;;;;;;;2;;2024;228
92;Non;24;Centre-Val de Loire;45;Loiret;200066280;Communauté de communes du Pithiverais;4;Oui;Non;Non;1;Non;45095;Chilleurs-aux-Bois;Commune;214500951;45095;CHILLEURS-AUX-BOIS;Epargne nette;29985.5799999998;-484.469999999998;0.0;29501.1099999998;0.0295011099999998;2150;13.721446511627814;1;;;;;;;;;2;;2024;2150
93;Non;24;Centre-Val de Loire;45;Loiret;244500211;Communauté de communes Giennoises;3;Oui;Non;Non;2;Non;45096;Les Choux;Commune;214500969;45096;CHOUX  LES;Epargne nette;50825.17;0.0;0.0;50825.17;0.050825169999999996;536;94.82307835820895;1;;;;;;;;;2;;2024;536
94;Non;24;Centre-Val de Loire;45;Loiret;200067668;Communauté de communes de la Cléry,du Betz et de l'Ouanne;3;Oui;Non;Non;1;Non;45097;Chuelles;Commune;214500977;45097;CHUELLES;Epargne nette;172238.33;38349.91;0.0;210588.24;0.21058823999999998;1242;169.55574879227052;1;;;;;;;;;2;;2024;1242
95;Non;24;Centre-Val de Loire;45;Loiret;200070183;Communauté de communes des Terres du Val de Loire;5;Non;Non;Non;2;Non;45098;Cléry-Saint-André;Commune;214500985;45098;CLERY-SAINT-ANDRE;Epargne nette;723317.080000001;-52852.15;0.0;670464.930000001;0.670464930000001;3590;186.75903342618412;1;;;;;;;;;2;;2024;3590
96;Non;24;Centre-Val de Loire;45;Loiret;200035764;Communauté de communes de la Beauce Loirétaine;3;Oui;Non;Non;2;Non;45099;Coinces;Commune;214500993;45099;COINCES;Epargne nette;-9240.77000000002;0.0;0.0;-9240.77000000002;-0.00924077000000002;503;-18.37131212723662;1;;;;;;;;;2;;2024;503
97;Non;24;Centre-Val de Loire;45;Loiret;244500468;Orléans Métropole;3;Non;Non;Non;5;Non;45100;Combleux;Commune;214501009;45100;COMBLEUX;Epargne nette;82873.7;0.0;0.0;82873.7;0.0828737;521;159.06660268714012;1;;;;;;;;;2;;2024;521
98;Non;24;Centre-Val de Loire;45;Loiret;244500427;Communauté de communes des Loges;2;Oui;Non;Non;2;Non;45101;Combreux;Commune;214501017;45101;COMBREUX;Epargne nette;18344.85;10804.16;0.0;29149.01;0.02914901;279;104.47673835125447;1;;;;;;;;;2;;2024;279
99;Non;24;Centre-Val de Loire;45;Loiret;244500203;Communauté d'agglomération Montargoise et Rives du Loing (AME);2;Non;Non;Non;3;Non;45102;Conflans-sur-Loing;Commune;214501025;45102;CONFLANS-SUR-LOING;Epargne nette;18817.84;0.0;0.0;18817.84;0.01881784;367;51.274768392370575;1;;;;;;;;;2;;2024;367
100;Non;24;Centre-Val de Loire;45;Loiret;244500419;Communauté de communes des Quatre Vallées;3;Oui;Non;Non;1;Non;45103;Corbeilles;Commune;214501033;45103;CORBEILLES-EN-GATINAIS;Epargne nette;140636.04;66050.06;0.0;206686.1;0.2066861;1579;130.89683343888538;1;;;;;;;;;2;;2024;1579
101;Non;24;Centre-Val de Loire;45;Loiret;244500203;Communauté d'agglomération Montargoise et Rives du Loing (AME);4;Non;Non;Non;1;Non;45104;Corquilleroy;Commune;214501041;45104;CORQUILLEROY;Epargne nette;388682.69;0.0;0.0;388682.69;0.38868269;2890;134.49228027681662;1;;;;;;;;;2;;2024;2890
102;Non;24;Centre-Val de Loire;45;Loiret;200067676;Communauté de communes Canaux et Forêts en Gâtinais;0;Oui;Non;Non;2;Non;45105;Cortrat;Commune;214501058;45105;CORTRAT;Epargne nette;28226.8;0.0;0.0;28226.8;0.0282268;82;344.22926829268295;1;;;;;;;;;2;;2024;82
103;Non;24;Centre-Val de Loire;45;Loiret;200067676;Communauté de communes Canaux et Forêts en Gâtinais;2;Oui;Non;Non;1;Non;45107;Coudroy;Commune;214501074;45107;COUDROY;Epargne nette;-1647.19;0.0;0.0;-1647.19;-0.00164719;313;-5.2625878594249205;1;;;;;;;;;2;;2024;313
104;Non;24;Centre-Val de Loire;45;Loiret;244500211;Communauté de communes Giennoises;4;Oui;Non;Non;2;Non;45108;Coullons;Commune;214501082;45108;COULLONS;Epargne nette;51495.52;109462.32;0.0;160957.84;0.16095784;2307;69.76932813177287;1;;;;;;;;;2;;2024;2307
105;Non;24;Centre-Val de Loire;45;Loiret;200070183;Communauté de communes des Terres du Val de Loire;3;Oui;Non;Non;2;Non;45109;Coulmiers;Commune;214501090;45109;COULMIERS;Epargne nette;82634.8;0.0;0.0;82634.8;0.08263480000000001;564;146.51560283687942;1;;;;;;;;;2;;2024;564
106;Non;24;Centre-Val de Loire;45;Loiret;200071850;Communauté de communes du Pithiverais-Gâtinais;2;Oui;Non;Non;2;Non;45110;Courcelles-le-Roi;Commune;214501108;45110;COURCELLES-LE-ROI;Epargne nette;12523.42;13960.75;0.0;26484.17;0.026484169999999998;324;81.74126543209876;1;;;;;;;;;2;;2024;324
107;Non;24;Centre-Val de Loire;45;Loiret;200066280;Communauté de communes du Pithiverais;2;Oui;Non;Non;2;Non;45111;Courcy-aux-Loges;Commune;214501116;45111;COURCY-AUX-LOGES;Epargne nette;30026.95;0.0;0.0;30026.95;0.03002695;464;64.71325431034482;1;;;;;;;;;2;;2024;464
108;Non;24;Centre-Val de Loire;45;Loiret;200067676;Communauté de communes Canaux et Forêts en Gâtinais;2;Oui;Non;Non;2;Non;45112;La Cour-Marigny;Commune;214501124;45112;LA COUR-MARIGNY;Epargne nette;5338.55000000005;7788.01;0.0;13126.56;0.013126559999999999;359;36.564233983286904;1;;;;;;;;;2;;2024;359
109;Non;24;Centre-Val de Loire;45;Loiret;200067668;Communauté de communes de la Cléry,du Betz et de l'Ouanne;2;Oui;Non;Non;2;Non;45113;Courtemaux;Commune;214501132;45113;COURTEMAUX;Epargne nette;-57687.64;3845.13;0.0;-53842.51;-0.05384251;268;-200.9048880597015;1;;;;;;;;;2;;2024;268
110;Non;24;Centre-Val de Loire;45;Loiret;244500419;Communauté de communes des Quatre Vallées;2;Oui;Non;Non;2;Non;45114;Courtempierre;Commune;214501140;45114;COURTEMPIERRE;Epargne nette;-8711.92000000001;0.0;0.0;-8711.92000000001;-0.008711920000000008;231;-37.713939393939434;1;;;;;;;;;2;;2024;231
111;Non;24;Centre-Val de Loire;45;Loiret;200067668;Communauté de communes de la Cléry,du Betz et de l'Ouanne;5;Non;Non;Non;1;Non;45115;Courtenay;Commune;214501157;45115;COURTENAY;Epargne nette;244533.310000001;73028.27;0.0;317561.580000001;0.317561580000001;3889;81.6563589611728;1;;;;;;;;;2;;2024;3889
112;Non;24;Centre-Val de Loire;45;Loiret;200070183;Communauté de communes des Terres du Val de Loire;3;Oui;Non;Non;2;Non;45116;Cravant;Commune;214501165;45116;CRAVANT;Epargne nette;11278.3200000001;59827.38;0.0;71105.7000000001;0.0711057000000001;974;73.00379876796725;1;;;;;;;;;2;;2024;974
113;Non;24;Centre-Val de Loire;45;Loiret;244500542;Communauté de communes de la Plaine du Nord Loiret;2;Oui;Non;Non;1;Non;45118;Crottes-en-Pithiverais;Commune;214501181;45118;CROTTES-EN-PITHIVERAIS;Epargne nette;-78873.34;0.0;0.0;-78873.34;-0.07887334;329;-239.73659574468084;1;;;;;;;;;2;;2024;329
114;Non;24;Centre-Val de Loire;45;Loiret;200066280;Communauté de communes du Pithiverais;4;Oui;Non;Non;2;Non;45119;Dadonville;Commune;214501199;45119;DADONVILLE;Epargne nette;82142.1799999999;7297.0;0.0;89439.1799999999;0.08943917999999991;2436;36.715591133004885;1;;;;;;;;;2;;2024;2436
115;Non;24;Centre-Val de Loire;45;Loiret;200068278;Communauté de communes Berry Loire Puisaye;1;Oui;Non;Non;1;Non;45120;Dammarie-en-Puisaye;Commune;214501207;45120;DAMMARIE-EN-PUISAYE;Epargne nette;39626.5;0.0;0.0;39626.5;0.0396265;172;230.38662790697674;1;;;;;;;;;2;;2024;172
116;Non;24;Centre-Val de Loire;45;Loiret;200067676;Communauté de communes Canaux et Forêts en Gâtinais;2;Oui;Non;Non;1;Non;45121;Dammarie-sur-Loing;Commune;214501215;45121;DAMMARIE-SUR-LOING;Epargne nette;19647.0600000001;28387.49;0.0;48034.5500000001;0.0480345500000001;477;100.70136268343836;1;;;;;;;;;2;;2024;477
117;Non;24;Centre-Val de Loire;45;Loiret;200070100;Communauté de communes du Val de Sully;3;Oui;Non;Non;2;Non;45122;Dampierre-en-Burly;Commune;214501223;45122;DAMPIERRE-EN-BURLY;Epargne nette;2073477.36;91887.84;-143006.0;2308371.2;2.3083712000000003;1466;1574.605184174625;1;;;;;;;;;2;;2024;1466
118;Non;24;Centre-Val de Loire;45;Loiret;244500427;Communauté de communes des Loges;3;Non;Non;Non;2;Non;45123;Darvoy;Commune;214501231;45123;DARVOY;Epargne nette;83469.1800000004;109798.18;0.0;193267.36;0.19326736;1914;100.97563218390803;1;;;;;;;;;2;;2024;1914
119;Non;24;Centre-Val de Loire;45;Loiret;200071850;Communauté de communes du Pithiverais-Gâtinais;1;Oui;Non;Non;2;Non;45124;Desmonts;Commune;214501249;45124;DESMONTS;Epargne nette;21260.61;18713.39;0.0;39974.0;0.039974;176;227.125;1;;;;;;;;;2;;2024;176
120;Non;24;Centre-Val de Loire;45;Loiret;200071850;Communauté de communes du Pithiverais-Gâtinais;1;Oui;Non;Non;2;Non;45125;Dimancheville;Commune;214501256;45125;DIMANCHEVILLE;Epargne nette;45656.86;0.0;0.0;45656.86;0.04565686;111;411.32306306306305;1;;;;;;;;;2;;2024;111
121;Non;24;Centre-Val de Loire;45;Loiret;244500427;Communauté de communes des Loges;4;Non;Non;Non;2;Non;45126;Donnery;Commune;214501264;45126;DONNERY;Epargne nette;232471.43;-18243.82;0.0;214227.61;0.21422760999999998;2907;73.69370829033367;1;;;;;;;;;2;;2024;2907
122;Non;24;Centre-Val de Loire;45;Loiret;244500419;Communauté de communes des Quatre Vallées;4;Non;Non;Non;1;Non;45127;Dordives;Commune;214501272;45127;DORDIVES;Epargne nette;558031.58;9556.20000000007;0.0;567587.78;0.56758778;3298;172.1006003638569;1;;;;;;;;;2;;2024;3298
123;Non;24;Centre-Val de Loire;45;Loiret;200070183;Communauté de communes des Terres du Val de Loire;3;Oui;Non;Non;2;Non;45130;Dry;Commune;214501306;45130;DRY;Epargne nette;142302.41;0.0;0.0;142302.41;0.14230241;1440;98.82111805555556;1;;;;;;;;;2;;2024;1440
124;Non;24;Centre-Val de Loire;45;Loiret;200071850;Communauté de communes du Pithiverais-Gâtinais;2;Oui;Non;Non;2;Non;45131;Échilleuses;Commune;214501314;45131;ECHILLEUSES;Epargne nette;51253.68;19441.35;0.0;70695.03;0.07069502999999999;396;178.52280303030304;1;;;;;;;;;2;;2024;396
125;Non;24;Centre-Val de Loire;45;Loiret;200071850;Communauté de communes du Pithiverais-Gâtinais;2;Oui;Non;Non;1;Non;45132;Égry;Commune;214501322;45132;EGRY;Epargne nette;11951.14;44813.97;0.0;56765.11;0.05676511;359;158.12008356545962;1;;;;;;;;;2;;2024;359
126;Non;24;Centre-Val de Loire;45;Loiret;200066280;Communauté de communes du Pithiverais;3;Oui;Non;Non;2;Non;45133;Engenville;Commune;214501330;45133;ENGENVILLE;Epargne nette;-43934.85;0.0;0.0;-43934.85;-0.04393485;566;-77.62340989399293;1;;;;;;;;;2;;2024;566
127;Non;24;Centre-Val de Loire;45;Loiret;200070183;Communauté de communes des Terres du Val de Loire;3;Oui;Non;Non;2;Non;45134;Épieds-en-Beauce;Commune;214501348;45134;EPIEDS-EN-BEAUCE;Epargne nette;335008.66;-26451.97;0.0;308556.69;0.30855669;1457;211.77535346602608;1;;;;;;;;;2;;2024;1457
128;Non;24;Centre-Val de Loire;45;Loiret;244500542;Communauté de communes de la Plaine du Nord Loiret;2;Oui;Non;Non;2;Non;45135;Erceville;Commune;214501355;45135;ERCEVILLE;Epargne nette;-21209.71;0.0;0.0;-21209.71;-0.02120971;309;-68.63983818770227;1;;;;;;;;;2;;2024;309
129;Non;24;Centre-Val de Loire;45;Loiret;200067668;Communauté de communes de la Cléry,du Betz et de l'Ouanne;3;Oui;Non;Non;1;Non;45136;Ervauville;Commune;214501363;45136;ERVAUVILLE;Epargne nette;34652.97;10956.93;0.0;45609.9;0.0456099;562;81.15640569395018;1;;;;;;;;;2;;2024;562
130;Non;24;Centre-Val de Loire;45;Loiret;200066280;Communauté de communes du Pithiverais;3;Oui;Non;Non;2;Non;45137;Escrennes;Commune;214501371;45137;ESCRENNES;Epargne nette;301267.62;0.0;0.0;301267.62;0.30126762;741;406.568987854251;1;;;;;;;;;2;;2024;741
131;Non;24;Centre-Val de Loire;45;Loiret;200068278;Communauté de communes Berry Loire Puisaye;0;Oui;Non;Non;3;Non;45138;Escrignelles;Commune;214501389;45138;ESCRIGNELLES;Epargne nette;6822.84000000001;0.0;0.0;6822.84000000001;0.0068228400000000106;50;136.45680000000021;1;;;;;;;;;2;;2024;50
132;Non;24;Centre-Val de Loire;45;Loiret;200066280;Communauté de communes du Pithiverais;3;Oui;Non;Non;2;Non;45139;Estouy;Commune;214501397;45139;ESTOUY;Epargne nette;-29453.59;0.0;0.0;-29453.59;-0.02945359;514;-57.302704280155645;1;;;;;;;;;2;;2024;514
133;Non;24;Centre-Val de Loire;45;Loiret;200068278;Communauté de communes Berry Loire Puisaye;1;Oui;Non;Non;1;Non;45141;Faverelles;Commune;214501413;45141;FAVERELLES;Epargne nette;-9799.41;0.0;0.0;-9799.41;-0.00979941;167;-58.67910179640718;1;;;;;;;;;2;;2024;167
134;Non;24;Centre-Val de Loire;45;Loiret;244500427;Communauté de communes des Loges;5;Non;Non;Non;2;Non;45142;Fay-aux-Loges;Commune;214501421;45142;FAY-AUX-LOGES;Epargne nette;404061.77;244578.66;0.0;648640.43;0.64864043;3878;167.26158586900465;1;;;;;;;;;2;;2024;3878
135;Non;24;Centre-Val de Loire;45;Loiret;200068278;Communauté de communes Berry Loire Puisaye;0;Oui;Non;Non;2;Non;45143;Feins-en-Gâtinais;Commune;214501439;45143;FEINS-EN-GATINAIS;Epargne nette;13116.21;0.0;0.0;13116.21;0.01311621;34;385.77088235294116;1;;;;;;;;;2;;2024;34
136;Non;24;Centre-Val de Loire;45;Loiret;244500427;Communauté de communes des Loges;3;Oui;Non;Non;2;Non;45144;Férolles;Commune;214501447;45144;FEROLLES;Epargne nette;13036.9900000001;69290.72;0.0;82327.7100000001;0.0823277100000001;1228;67.04210912052125;1;;;;;;;;;2;;2024;1228
137;Non;24;Centre-Val de Loire;45;Loiret;244500419;Communauté de communes des Quatre Vallées;5;Non;Non;Non;2;Non;45145;Ferrières-en-Gâtinais;Commune;214501454;45145;FERRIERES-EN-GATINAIS;Epargne nette;1022444.64;77246.93;0.0;1099691.57;1.09969157;3823;287.6514700496992;1;;;;;;;;;2;;2024;3823
138;Non;24;Centre-Val de Loire;45;Loiret;200005932;Communauté de communes des Portes de Sologne;6;Non;Non;Oui;2;Non;45146;La Ferté-Saint-Aubin;Commune;214501462;45146;FERTE SAINT AUBIN LA;Epargne nette;1554912.14;338505.53;0.0;1893417.67;1.8934176699999998;7475;253.3000227424749;1;;;;;;;;;2;;2024;7475
139;Non;24;Centre-Val de Loire;45;Loiret;244500468;Orléans Métropole;8;Non;Non;Non;1;Oui;45147;Fleury-les-Aubrais;Commune;214501470;45147;FLEURY-LES-AUBRAIS;Epargne nette;1077527.63;-34096.15;0.0;1043431.48;1.04343148;21680;48.12875830258302;1;;;;;;;;;2;;2024;21680
140;Non;24;Centre-Val de Loire;45;Loiret;244500419;Communauté de communes des Quatre Vallées;3;Non;Non;Non;1;Non;45148;Fontenay-sur-Loing;Commune;214501488;45148;FONTENAY-SUR-LOING;Epargne nette;332760.3;12523.76;0.0;345284.06;0.34528406;1735;199.0109855907781;1;;;;;;;;;2;;2024;1735
141;Non;24;Centre-Val de Loire;45;Loiret;200067668;Communauté de communes de la Cléry,du Betz et de l'Ouanne;2;Oui;Non;Non;1;Non;45149;Foucherolles;Commune;214501496;45149;FOUCHEROLLES;Epargne nette;21889.01;0.0;0.0;21889.01;0.021889009999999997;292;74.96236301369862;1;;;;;;;;;2;;2024;292
142;Non;24;Centre-Val de Loire;45;Loiret;200067676;Communauté de communes Canaux et Forêts en Gâtinais;1;Oui;Non;Non;1;Non;45150;Fréville-du-Gâtinais;Commune;214501504;45150;FREVILLE-DU-GATINAIS;Epargne nette;21844.74;0.0;0.0;21844.74;0.02184474;180;121.35966666666667;1;;;;;;;;;2;;2024;180
143;Non;24;Centre-Val de Loire;45;Loiret;200071850;Communauté de communes du Pithiverais-Gâtinais;2;Oui;Non;Non;2;Non;45151;Gaubertin;Commune;214501512;45151;GAUBERTIN;Epargne nette;32555.95;-10686.33;0.0;21869.62;0.02186962;254;86.10086614173228;1;;;;;;;;;2;;2024;254
144;Non;24;Centre-Val de Loire;45;Loiret;200035764;Communauté de communes de la Beauce Loirétaine;2;Oui;Non;Non;1;Non;45152;Gémigny;Commune;214501520;45152;GEMIGNY;Epargne nette;10409.07;0.0;0.0;10409.07;0.01040907;218;47.74802752293578;1;;;;;;;;;2;;2024;218
145;Non;24;Centre-Val de Loire;45;Loiret;200070100;Communauté de communes du Val de Sully;3;Oui;Non;Non;2;Non;45153;Germigny-des-Prés;Commune;214501538;45153;GERMIGNY-DES-PRES;Epargne nette;-112135.81;0.0;0.0;-112135.81;-0.11213581;717;-156.39582984658298;1;;;;;;;;;2;;2024;717
146;Non;24;Centre-Val de Loire;45;Loiret;200035764;Communauté de communes de la Beauce Loirétaine;4;Oui;Non;Non;2;Non;45154;Gidy;Commune;214501546;45154;GIDY;Epargne nette;715144.540000001;-463771.89;0.0;251372.65;0.25137265;2065;121.73009685230024;1;;;;;;;;;2;;2024;2065
147;Non;24;Centre-Val de Loire;45;Loiret;244500211;Communauté de communes Giennoises;7;Non;Non;Non;1;Oui;45155;Gien;Commune;214501553;45155;GIEN;Epargne nette;105462.27;113712.68;0.0;219174.95;0.21917495;13785;15.899524845846935;1;;;;;;;;;2;;2024;13785
148;Non;24;Centre-Val de Loire;45;Loiret;244500419;Communauté de communes des Quatre Vallées;3;Oui;Non;Non;2;Non;45156;Girolles;Commune;214501561;45156;GIROLLES;Epargne nette;-30920.71;-231872.84;0.0;-262793.55;-0.26279355;608;-432.2262335526316;1;;;;;;;;;2;;2024;608
149;Non;24;Centre-Val de Loire;45;Loiret;200066280;Communauté de communes du Pithiverais;2;Oui;Non;Non;2;Non;45157;Givraines;Commune;214501579;45157;GIVRAINES;Epargne nette;-117355.11;0.0;0.0;-117355.11;-0.11735511;422;-278.0926777251185;1;;;;;;;;;2;;2024;422
150;Non;24;Centre-Val de Loire;45;Loiret;244500419;Communauté de communes des Quatre Vallées;2;Oui;Non;Non;2;Non;45158;Gondreville;Commune;214501587;45158;GONDREVILLE;Epargne nette;35012.3100000001;-75646.51;0.0;-40634.2;-0.040634199999999995;328;-123.88475609756097;1;;;;;;;;;2;;2024;328
151;Non;24;Centre-Val de Loire;45;Loiret;200071850;Communauté de communes du Pithiverais-Gâtinais;1;Oui;Non;Non;2;Non;45159;Grangermont;Commune;214501595;45159;GRANGERMONT;Epargne nette;-1887.03999999998;29512.45;0.0;27625.41;0.02762541;190;145.3968947368421;1;;;;;;;;;2;;2024;190
152;Non;24;Centre-Val de Loire;45;Loiret;244500542;Communauté de communes de la Plaine du Nord Loiret;3;Oui;Non;Non;1;Non;45160;Greneville-en-Beauce;Commune;214501603;45160;GRENEVILLE-EN-BEAUCE;Epargne nette;-40666.48;0.0;0.0;-40666.48;-0.040666480000000005;701;-58.0120970042796;1;;;;;;;;;2;;2024;701
153;Non;24;Centre-Val de Loire;45;Loiret;244500419;Communauté de communes des Quatre Vallées;3;Oui;Non;Non;2;Non;45161;Griselles;Commune;214501611;45161;GRISELLES;Epargne nette;182117.43;0.0;0.0;182117.43;0.18211743;831;219.1545487364621;1;;;;;;;;;2;;2024;831
154;Non;24;Centre-Val de Loire;45;Loiret;200066280;Communauté de communes du Pithiverais;3;Oui;Non;Non;2;Non;45162;Guigneville;Commune;214501629;45162;GUIGNEVILLE;Epargne nette;-26092.73;0.0;0.0;-26092.73;-0.026092729999999998;541;-48.23055452865064;1;;;;;;;;;2;;2024;541
155;Non;24;Centre-Val de Loire;45;Loiret;200070100;Communauté de communes du Val de Sully;3;Oui;Non;Non;2;Non;45164;Guilly;Commune;214501645;45164;GUILLY;Epargne nette;64919.67;9004.28;0.0;73923.95;0.07392395;676;109.35495562130177;1;;;;;;;;;2;;2024;676
156;Non;24;Centre-Val de Loire;45;Loiret;200067668;Communauté de communes de la Cléry,du Betz et de l'Ouanne;3;Oui;Non;Non;2;Non;45165;Gy-les-Nonains;Commune;214501652;45165;GY-LES-NONAINS;Epargne nette;73248.48;0.0;0.0;73248.48;0.07324847999999999;614;119.2971986970684;1;;;;;;;;;2;;2024;614
157;Non;24;Centre-Val de Loire;45;Loiret;200035764;Communauté de communes de la Beauce Loirétaine;2;Oui;Non;Non;2;Non;45166;Huêtre;Commune;214501660;45166;HUETRE;Epargne nette;35093.82;0.0;0.0;35093.82;0.03509382;290;121.0131724137931;1;;;;;;;;;2;;2024;290
158;Non;24;Centre-Val de Loire;45;Loiret;200070183;Communauté de communes des Terres du Val de Loire;3;Oui;Non;Non;2;Non;45167;Huisseau-sur-Mauves;Commune;214501678;45167;HUISSEAU-SUR-MAUVES;Epargne nette;56933.4499999997;0.0;0.0;56933.4499999997;0.0569334499999997;1771;32.147628458497856;1;;;;;;;;;2;;2024;1771
159;Non;24;Centre-Val de Loire;45;Loiret;244500427;Communauté de communes des Loges;3;Oui;Non;Non;2;Non;45168;Ingrannes;Commune;214501686;45168;INGRANNES;Epargne nette;14926.89;-2355.87;0.0;12571.02;0.01257102;551;22.81491833030853;1;;;;;;;;;2;;2024;551
160;Non;24;Centre-Val de Loire;45;Loiret;244500468;Orléans Métropole;6;Non;Non;Non;2;Non;45169;Ingré;Commune;214501694;45169;INGRE;Epargne nette;1829924.42;0.0;0.0;1829924.42;1.82992442;9993;183.12062643850695;1;;;;;;;;;2;;2024;9993
161;Non;24;Centre-Val de Loire;45;Loiret;200066280;Communauté de communes du Pithiverais;1;Oui;Non;Non;2;Non;45170;Intville-la-Guétard;Commune;214501702;45170;INTVILLE-LA-GUETARD;Epargne nette;40578.58;0.0;0.0;40578.58;0.04057858;173;234.55826589595378;1;;;;;;;;;2;;2024;173
162;Non;24;Centre-Val de Loire;45;Loiret;200070100;Communauté de communes du Val de Sully;3;Oui;Non;Non;1;Non;45171;Isdes;Commune;214501710;45171;ISDES;Epargne nette;62428.2;-387.140000000003;0.0;62041.06;0.062041059999999995;554;111.98747292418773;1;;;;;;;;;2;;2024;554
163;Non;24;Centre-Val de Loire;45;Loiret;244500427;Communauté de communes des Loges;5;Non;Non;Oui;2;Non;45173;Jargeau;Commune;214501736;45173;JARGEAU;Epargne nette;1010556.89;604554.97;0.0;1615111.86;1.61511186;4736;341.0286866554054;1;;;;;;;;;2;;2024;4736
164;Non;24;Centre-Val de Loire;45;Loiret;244500542;Communauté de communes de la Plaine du Nord Loiret;2;Oui;Non;Non;2;Non;45174;Jouy-en-Pithiverais;Commune;214501744;45174;JOUY-EN-PITHIVERAIS;Epargne nette;69138.67;0.0;0.0;69138.67;0.06913867;266;259.9198120300752;1;;;;;;;;;2;;2024;266
165;Non;24;Centre-Val de Loire;45;Loiret;200005932;Communauté de communes des Portes de Sologne;3;Oui;Non;Non;3;Non;45175;Jouy-le-Potier;Commune;214501751;45175;JOUY-LE-POTIER;Epargne nette;501626.17;-498372.19;-70000.0;73253.9799999999;0.0732539799999999;1592;46.01380653266325;1;;;;;;;;;2;;2024;1592
166;Non;24;Centre-Val de Loire;45;Loiret;200071850;Communauté de communes du Pithiverais-Gâtinais;2;Oui;Non;Non;2;Non;45176;Juranville;Commune;214501769;45176;JURANVILLE;Epargne nette;82314.23;35574.5;0.0;117888.73;0.11788873;425;277.3852470588235;1;;;;;;;;;2;;2024;425
167;Non;24;Centre-Val de Loire;45;Loiret;200066280;Communauté de communes du Pithiverais;2;Oui;Non;Non;1;Non;45177;Laas;Commune;214501777;45177;LAAS;Epargne nette;898.100000000006;0.0;0.0;898.100000000006;0.0008981000000000061;248;3.6213709677419597;1;;;;;;;;;2;;2024;248
168;Non;24;Centre-Val de Loire;45;Loiret;200067676;Communauté de communes Canaux et Forêts en Gâtinais;3;Oui;Non;Non;1;Non;45178;Ladon;Commune;214501785;45178;LADON;Epargne nette;90511.0699999998;24321.45;0.0;114832.52;0.11483252000000001;1410;81.4415035460993;1;;;;;;;;;2;;2024;1410
169;Non;24;Centre-Val de Loire;45;Loiret;200070183;Communauté de communes des Terres du Val de Loire;4;Non;Non;Non;2;Non;45179;Lailly-en-Val;Commune;214501793;45179;LAILLY-EN-VAL;Epargne nette;504182.65;-4448.96;0.0;499733.69;0.49973369;3150;158.64561587301588;1;;;;;;;;;2;;2024;3150
170;Non;24;Centre-Val de Loire;45;Loiret;244500211;Communauté de communes Giennoises;0;Oui;Non;Non;3;Non;45180;Langesse;Commune;214501801;45180;LANGESSE;Epargne nette;19857.57;0.0;0.0;19857.57;0.019857569999999998;82;242.16548780487804;1;;;;;;;;;2;;2024;82
171;Non;24;Centre-Val de Loire;45;Loiret;244500542;Communauté de communes de la Plaine du Nord Loiret;0;Oui;Non;Non;1;Non;45181;Léouville;Commune;214501819;45181;LEOUVILLE;Epargne nette;30255.78;0.0;0.0;30255.78;0.03025578;93;325.33096774193547;1;;;;;;;;;2;;2024;93
172;Non;24;Centre-Val de Loire;45;Loiret;200005932;Communauté de communes des Portes de Sologne;3;Oui;Non;Non;2;Non;45182;Ligny-le-Ribault;Commune;214501827;45182;LIGNY-LE-RIBAULT;Epargne nette;59292.15;35494.77;0.0;94786.92;0.09478692;1270;74.63537007874015;1;;;;;;;;;2;;2024;1270
173;Non;24;Centre-Val de Loire;45;Loiret;200035764;Communauté de communes de la Beauce Loirétaine;1;Oui;Non;Non;1;Non;45183;Lion-en-Beauce;Commune;214501835;45183;LION-EN-BEAUCE;Epargne nette;69290.1;0.0;0.0;69290.1;0.06929010000000001;132;524.9250000000001;1;;;;;;;;;2;;2024;132
174;Non;24;Centre-Val de Loire;45;Loiret;200070100;Communauté de communes du Val de Sully;2;Oui;Non;Non;2;Non;45184;Lion-en-Sullias;Commune;214501843;45184;LION-EN-SULLIAS;Epargne nette;11950.91;18851.57;0.0;30802.48;0.03080248;394;78.17888324873097;1;;;;;;;;;2;;2024;394
175;Non;24;Centre-Val de Loire;45;Loiret;244500203;Communauté d'agglomération Montargoise et Rives du Loing (AME);2;Oui;Non;Non;2;Non;45185;Lombreuil;Commune;214501850;45185;LOMBREUIL;Epargne nette;45678.11;-6467.0;0.0;39211.11;0.03921111;305;128.56101639344263;1;;;;;;;;;2;;2024;305
176;Non;24;Centre-Val de Loire;45;Loiret;200071850;Communauté de communes du Pithiverais-Gâtinais;3;Oui;Non;Non;1;Non;45186;Lorcy;Commune;214501868;45186;LORCY;Epargne nette;86248.0000000001;21920.38;0.0;108168.38;0.10816838000000001;602;179.68169435215947;1;;;;;;;;;2;;2024;602
177;Non;24;Centre-Val de Loire;45;Loiret;200067676;Communauté de communes Canaux et Forêts en Gâtinais;4;Non;Non;Non;1;Non;45187;Lorris;Commune;214501876;45187;LORRIS;Epargne nette;-17224.8499999996;103660.59;0.0;86435.7400000004;0.0864357400000004;3058;28.265448005232308;1;;;;;;;;;2;;2024;3058
178;Non;24;Centre-Val de Loire;45;Loiret;244500484;Communauté de communes de la Forêt;4;Non;Non;Non;2;Non;45188;Loury;Commune;214501884;45188;LOURY;Epargne nette;364961.49;0.0;0.0;364961.49;0.36496149;2617;139.45796331677494;1;;;;;;;;;2;;2024;2617
179;Non;24;Centre-Val de Loire;45;Loiret;200067668;Communauté de communes de la Cléry,du Betz et de l'Ouanne;2;Oui;Non;Non;2;Non;45189;Louzouer;Commune;214501892;45189;LOUZOUER;Epargne nette;99574.12;0.0;0.0;99574.12;0.09957412;251;396.70964143426295;1;;;;;;;;;2;;2024;251
180;Non;24;Centre-Val de Loire;45;Loiret;200005932;Communauté de communes des Portes de Sologne;4;Oui;Non;Non;2;Non;45193;Marcilly-en-Villette;Commune;214501934;45193;MARCILLY-EN-VILLETTE;Epargne nette;201198.49;134196.59;0.0;335395.08;0.33539508;2218;151.2150946798918;1;;;;;;;;;2;;2024;2218
181;Non;24;Centre-Val de Loire;45;Loiret;244500468;Orléans Métropole;4;Non;Non;Non;2;Non;45194;Mardié;Commune;214501942;45194;MARDIE;Epargne nette;563043.11;0.0;0.0;563043.11;0.56304311;3062;183.88083278902678;1;;;;;;;;;2;;2024;3062
182;Non;24;Centre-Val de Loire;45;Loiret;200066280;Communauté de communes du Pithiverais;3;Oui;Non;Non;2;Non;45195;Mareau-aux-Bois;Commune;214501959;45195;MAREAU-AUX-BOIS;Epargne nette;-27389.94;0.0;0.0;-27389.94;-0.027389939999999998;570;-48.05252631578947;1;;;;;;;;;2;;2024;570
183;Non;24;Centre-Val de Loire;45;Loiret;200070183;Communauté de communes des Terres du Val de Loire;3;Oui;Non;Non;2;Non;45196;Mareau-aux-Prés;Commune;214501967;45196;MAREAU-AUX-PRES;Epargne nette;164187.17;0.0;0.0;164187.17;0.16418717000000002;1661;98.84838651414812;1;;;;;;;;;2;;2024;1661
184;Non;24;Centre-Val de Loire;45;Loiret;244500468;Orléans Métropole;3;Oui;Non;Non;2;Non;45197;Marigny-les-Usages;Commune;214501975;45197;MARIGNY-LES-USAGES;Epargne nette;47168.1000000001;0.0;0.0;47168.1000000001;0.0471681000000001;1856;25.413846982758674;1;;;;;;;;;2;;2024;1856
185;Non;24;Centre-Val de Loire;45;Loiret;200066280;Communauté de communes du Pithiverais;2;Oui;Non;Non;2;Non;45198;Marsainvilliers;Commune;214501983;45198;MARSAINVILLIERS;Epargne nette;-59802.9;0.0;0.0;-59802.9;-0.0598029;315;-189.8504761904762;1;;;;;;;;;2;;2024;315
186;Non;24;Centre-Val de Loire;45;Loiret;200067668;Communauté de communes de la Cléry,du Betz et de l'Ouanne;3;Oui;Non;Non;2;Non;45199;Melleroy;Commune;214501991;45199;MELLEROY;Epargne nette;34605.06;4643.3;0.0;39248.36;0.03924836;502;78.18398406374502;1;;;;;;;;;2;;2024;502
187;Non;24;Centre-Val de Loire;45;Loiret;200005932;Communauté de communes des Portes de Sologne;3;Oui;Non;Non;3;Non;45200;Ménestreau-en-Villette;Commune;214502007;45200;MENESTREAU-EN-VILLETTE;Epargne nette;381173.72;81262.34;0.0;462436.06;0.46243606;1426;324.2889621318373;1;;;;;;;;;2;;2024;1426
188;Non;24;Centre-Val de Loire;45;Loiret;200067668;Communauté de communes de la Cléry,du Betz et de l'Ouanne;1;Oui;Non;Non;2;Non;45201;Mérinville;Commune;214502015;45201;MERINVILLE;Epargne nette;-7407.05999999998;3135.47;0.0;-4271.58999999998;-0.0042715899999999805;177;-24.13327683615808;1;;;;;;;;;2;;2024;177
189;Non;24;Centre-Val de Loire;45;Loiret;200070183;Communauté de communes des Terres du Val de Loire;3;Non;Non;Non;2;Non;45202;Messas;Commune;214502023;45202;MESSAS;Epargne nette;240905.66;0.0;0.0;240905.66;0.24090566;1028;234.34402723735408;1;;;;;;;;;2;;2024;1028
190;Non;24;Centre-Val de Loire;45;Loiret;200070183;Communauté de communes des Terres du Val de Loire;6;Non;Non;Non;2;Non;45203;Meung-sur-Loire;Commune;214502031;45203;MEUNG-SUR-LOIRE;Epargne nette;1144431.74;-547388.77;0.0;597042.97;0.59704297;6666;89.56540204020402;1;;;;;;;;;2;;2024;6666
191;Non;24;Centre-Val de Loire;45;Loiret;200070183;Communauté de communes des Terres du Val de Loire;3;Oui;Non;Non;3;Non;45204;Mézières-lez-Cléry;Commune;214502049;45204;MEZIERES-LEZ-CLERY;Epargne nette;116365.72;0.0;0.0;116365.72;0.11636572;874;133.14155606407323;1;;;;;;;;;2;;2024;874
192;Non;24;Centre-Val de Loire;45;Loiret;200067676;Communauté de communes Canaux et Forêts en Gâtinais;2;Oui;Non;Non;2;Non;45205;Mézières-en-Gâtinais;Commune;214502056;45205;MEZIERES-EN-GATINAIS;Epargne nette;19151.09;9284.09999999999;0.0;28435.19;0.02843519;263;108.11859315589354;1;;;;;;;;;2;;2024;263
193;Non;24;Centre-Val de Loire;45;Loiret;244500419;Communauté de communes des Quatre Vallées;2;Oui;Non;Non;1;Non;45206;Mignères;Commune;214502064;45206;MIGNERES;Epargne nette;48491.64;0.0;0.0;48491.64;0.04849164;323;150.12891640866872;1;;;;;;;;;2;;2024;323
194;Non;24;Centre-Val de Loire;45;Loiret;244500419;Communauté de communes des Quatre Vallées;2;Oui;Non;Non;1;Non;45207;Mignerette;Commune;214502072;45207;MIGNERETTE;Epargne nette;17259.5;0.0;0.0;17259.5;0.0172595;381;45.300524934383205;1;;;;;;;;;2;;2024;381
195;Non;24;Centre-Val de Loire;45;Loiret;244500203;Communauté d'agglomération Montargoise et Rives du Loing (AME);7;Non;Non;Non;1;Oui;45208;Montargis;Commune;214502080;45208;MONTARGIS;Epargne nette;260875.41;0.0;0.0;260875.41;0.26087541000000003;15500;16.830671612903227;1;;;;;;;;;2;;2024;15500
196;Non;24;Centre-Val de Loire;45;Loiret;200071850;Communauté de communes du Pithiverais-Gâtinais;2;Oui;Non;Non;2;Non;45209;Montbarrois;Commune;214502098;45209;MONTBARROIS;Epargne nette;53300.95;0.0;0.0;53300.95;0.05330095;304;175.33207236842105;1;;;;;;;;;2;;2024;304
197;Non;24;Centre-Val de Loire;45;Loiret;200067676;Communauté de communes Canaux et Forêts en Gâtinais;3;Oui;Non;Non;2;Non;45210;Montbouy;Commune;214502106;45210;MONTBOUY;Epargne nette;91712.34;20897.12;0.0;112609.46;0.11260946000000001;750;150.14594666666667;1;;;;;;;;;2;;2024;750
198;Non;24;Centre-Val de Loire;45;Loiret;200067676;Communauté de communes Canaux et Forêts en Gâtinais;3;Oui;Non;Non;2;Non;45212;Montcresson;Commune;214502122;45212;MONTCRESSON;Epargne nette;129591.97;93184.77;0.0;222776.74;0.22277674;1279;174.18040656763097;1;;;;;;;;;2;;2024;1279
199;Non;24;Centre-Val de Loire;45;Loiret;200067676;Communauté de communes Canaux et Forêts en Gâtinais;3;Oui;Non;Non;2;Non;45213;Montereau;Commune;214502130;45213;MONTEREAU;Epargne nette;25191.17;2883.55;0.0;28074.72;0.02807472;650;43.191876923076926;1;;;;;;;;;2;;2024;650
200;Non;24;Centre-Val de Loire;45;Loiret;244500484;Communauté de communes de la Forêt;2;Oui;Non;Non;2;Non;45214;Montigny;Commune;214502148;45214;MONTIGNY;Epargne nette;-5975.35000000001;0.0;0.0;-5975.35000000001;-0.00597535000000001;242;-24.691528925619878;1;;;;;;;;;2;;2024;242
201;Non;24;Centre-Val de Loire;45;Loiret;200071850;Communauté de communes du Pithiverais-Gâtinais;2;Oui;Non;Non;1;Non;45215;Montliard;Commune;214502155;45215;MONTLIARD;Epargne nette;33621.25;0.0;0.0;33621.25;0.03362125;238;141.265756302521;1;;;;;;;;;2;;2024;238
202;Non;24;Centre-Val de Loire;45;Loiret;244500203;Communauté d'agglomération Montargoise et Rives du Loing (AME);1;Oui;Non;Non;2;Non;45216;Mormant-sur-Vernisson;Commune;214502163;45216;MORMANT-SUR-VERNISSON;Epargne nette;-2608.08000000002;0.0;0.0;-2608.08000000002;-0.00260808000000002;130;-20.062153846154;1;;;;;;;;;2;;2024;130
203;Non;24;Centre-Val de Loire;45;Loiret;200066280;Communauté de communes du Pithiverais;1;Oui;Non;Non;2;Non;45217;Morville-en-Beauce;Commune;214502171;45217;MORVILLE-EN-BEAUCE;Epargne nette;22448.81;0.0;0.0;22448.81;0.02244881;169;132.83319526627218;1;;;;;;;;;2;;2024;169
204;Non;24;Centre-Val de Loire;45;Loiret;244500211;Communauté de communes Giennoises;1;Oui;Non;Non;2;Non;45218;Le Moulinet-sur-Solin;Commune;214502189;45218;MOULINET SUR SOLIN LE;Epargne nette;14597.17;0.0;0.0;14597.17;0.01459717;121;120.63776859504132;1;;;;;;;;;2;;2024;121
205;Non;24;Centre-Val de Loire;45;Loiret;200067676;Communauté de communes Canaux et Forêts en Gâtinais;1;Oui;Non;Non;2;Non;45219;Moulon;Commune;214502197;45219;MOULON;Epargne nette;65874.87;0.0;0.0;65874.87;0.06587487;192;343.09828124999996;1;;;;;;;;;2;;2024;192
206;Non;24;Centre-Val de Loire;45;Loiret;200071850;Communauté de communes du Pithiverais-Gâtinais;3;Oui;Non;Non;2;Non;45220;Nancray-sur-Rimarde;Commune;214502205;45220;NANCRAY-SUR-RIMARDE;Epargne nette;-6375.70000000001;34361.44;0.0;27985.74;0.027985740000000002;589;47.51398981324279;1;;;;;;;;;2;;2024;589
207;Non;24;Centre-Val de Loire;45;Loiret;244500419;Communauté de communes des Quatre Vallées;3;Oui;Non;Non;2;Non;45222;Nargis;Commune;214502221;45222;NARGIS;Epargne nette;391776.11;23577.03;0.0;415353.14;0.41535314;1485;279.6990841750842;1;;;;;;;;;2;;2024;1485
208;Non;24;Centre-Val de Loire;45;Loiret;200067676;Communauté de communes Canaux et Forêts en Gâtinais;2;Oui;Non;Non;1;Non;45223;Nesploy;Commune;214502239;45223;NESPLOY;Epargne nette;59493.1200000001;0.0;0.0;59493.1200000001;0.0594931200000001;370;160.79221621621647;1;;;;;;;;;2;;2024;370
209;Non;24;Centre-Val de Loire;45;Loiret;244500484;Communauté de communes de la Forêt;6;Non;Non;Non;2;Non;45224;Neuville-aux-Bois;Commune;214502247;45224;NEUVILLE-AUX-BOIS;Epargne nette;452101.09;0.0;0.0;452101.09;0.45210109000000004;5047;89.57818307905687;1;;;;;;;;;2;;2024;5047
210;Non;24;Centre-Val de Loire;45;Loiret;200071850;Communauté de communes du Pithiverais-Gâtinais;2;Oui;Non;Non;2;Non;45225;La Neuville-sur-Essonne;Commune;214502254;45225;NEUVILLE-SUR-ESSONNE LA;Epargne nette;48003.57;0.0;0.0;48003.57;0.04800357;363;132.24123966942147;1;;;;;;;;;2;;2024;363
211;Non;24;Centre-Val de Loire;45;Loiret;200070100;Communauté de communes du Val de Sully;3;Oui;Non;Non;2;Non;45226;Neuvy-en-Sullias;Commune;214502262;45226;NEUVY-EN-SULLIAS;Epargne nette;55723.11;1974.33;0.0;57697.44;0.05769744;1390;41.508949640287774;1;;;;;;;;;2;;2024;1390
212;Non;24;Centre-Val de Loire;45;Loiret;244500211;Communauté de communes Giennoises;3;Non;Non;Non;2;Non;45227;Nevoy;Commune;214502270;45227;NEVOY;Epargne nette;68524.76;17809.87;0.0;86334.63;0.08633463000000001;1177;73.35142735768905;1;;;;;;;;;2;;2024;1177
213;Non;24;Centre-Val de Loire;45;Loiret;200071850;Communauté de communes du Pithiverais-Gâtinais;3;Oui;Non;Non;2;Non;45228;Nibelle;Commune;214502288;45228;NIBELLE;Epargne nette;82904.27;0.0;0.0;82904.27;0.08290427;1210;68.51592561983472;1;;;;;;;;;2;;2024;1210
214;Non;24;Centre-Val de Loire;45;Loiret;200067676;Communauté de communes Canaux et Forêts en Gâtinais;4;Oui;Non;Non;1;Non;45229;Nogent-sur-Vernisson;Commune;214502296;45229;NOGENT-SUR-VERNISSON;Epargne nette;273697.1;45904.67;0.0;319601.77;0.31960177;2605;122.68781957773513;1;;;;;;;;;2;;2024;2605
215;Non;24;Centre-Val de Loire;45;Loiret;200067676;Communauté de communes Canaux et Forêts en Gâtinais;3;Oui;Non;Non;2;Non;45230;Noyers;Commune;214502304;45230;NOYERS;Epargne nette;-45957.96;9674.68000000001;0.0;-36283.28;-0.03628328;736;-49.29793478260869;1;;;;;;;;;2;;2024;736
216;Non;24;Centre-Val de Loire;45;Loiret;244500542;Communauté de communes de la Plaine du Nord Loiret;1;Oui;Non;Non;2;Non;45231;Oison;Commune;214502312;45231;OISON;Epargne nette;-23235.63;0.0;0.0;-23235.63;-0.02323563;130;-178.7356153846154;1;;;;;;;;;2;;2024;130
217;Non;24;Centre-Val de Loire;45;Loiret;244500468;Orléans Métropole;8;Non;Non;Non;2;Non;45232;Olivet;Commune;214502320;45232;OLIVET;Epargne nette;7964738.15;27369.1;0.0;7992107.25;7.99210725;23370;341.98148267008986;1;;;;;;;;;2;;2024;23370
218;Non;24;Centre-Val de Loire;45;Loiret;200071850;Communauté de communes du Pithiverais-Gâtinais;2;Oui;Non;Non;2;Non;45233;Ondreville-sur-Essonne;Commune;214502338;45233;ONDREVILLE-SUR-ESSONNE;Epargne nette;-19382.09;0.0;0.0;-19382.09;-0.01938209;397;-48.82138539042821;1;;;;;;;;;2;;2024;397
219;Non;24;Centre-Val de Loire;45;Loiret;244500468;Orléans Métropole;10;Non;Non;Non;2;Oui;45234;Orléans;Commune;214502346;45234;ORLEANS;Epargne nette;17634939.07;185199.78;0.0;17820138.85;17.820138850000003;119065;149.66731491202285;1;;;;;;;;;2;;2024;119065
220;Non;24;Centre-Val de Loire;45;Loiret;244500468;Orléans Métropole;5;Non;Non;Non;2;Non;45235;Ormes;Commune;214502353;45235;ORMES;Epargne nette;1390490.48;-338770.9;0.0;1051719.58;1.05171958;4419;237.99945236478843;1;;;;;;;;;2;;2024;4419
221;Non;24;Centre-Val de Loire;45;Loiret;200071850;Communauté de communes du Pithiverais-Gâtinais;1;Oui;Non;Non;2;Non;45237;Orville;Commune;214502379;45237;ORVILLE;Epargne nette;26939.91;0.0;0.0;26939.91;0.02693991;127;212.12527559055118;1;;;;;;;;;2;;2024;127
222;Non;24;Centre-Val de Loire;45;Loiret;200068278;Communauté de communes Berry Loire Puisaye;3;Oui;Non;Non;2;Non;45238;Ousson-sur-Loire;Commune;214502387;45238;OUSSON-SUR-LOIRE;Epargne nette;-18389.4500000001;0.0;0.0;-18389.4500000001;-0.0183894500000001;699;-26.308226037196135;1;;;;;;;;;2;;2024;699
223;Non;24;Centre-Val de Loire;45;Loiret;200067676;Communauté de communes Canaux et Forêts en Gâtinais;2;Oui;Non;Non;2;Non;45239;Oussoy-en-Gâtinais;Commune;214502395;45239;OUSSOY-EN-GATINAIS;Epargne nette;62031.33;3439.73;0.0;65471.06;0.06547106;424;154.41287735849056;1;;;;;;;;;2;;2024;424
224;Non;24;Centre-Val de Loire;45;Loiret;244500542;Communauté de communes de la Plaine du Nord Loiret;3;Oui;Non;Non;2;Non;45240;Outarville;Commune;214502403;45240;OUTARVILLE;Epargne nette;-398151.03;0.0;0.0;-398151.03;-0.39815103;1355;-293.83839852398523;1;;;;;;;;;2;;2024;1355
225;Non;24;Centre-Val de Loire;45;Loiret;244500427;Communauté de communes des Loges;3;Oui;Non;Non;2;Non;45241;Ouvrouer-les-Champs;Commune;214502411;45241;OUVROUER-LES-CHAMPS;Epargne nette;-400.760000000009;841.369999999999;0.0;440.60999999999;0.00044060999999999;555;0.7938918918918739;1;;;;;;;;;2;;2024;555
226;Non;24;Centre-Val de Loire;45;Loiret;200067676;Communauté de communes Canaux et Forêts en Gâtinais;2;Oui;Non;Non;2;Non;45242;Ouzouer-des-Champs;Commune;214502429;45242;OUZOUER-DES-CHAMPS;Epargne nette;18813.63;11367.14;0.0;30180.77;0.03018077;282;107.02400709219859;1;;;;;;;;;2;;2024;282
227;Non;24;Centre-Val de Loire;45;Loiret;200067676;Communauté de communes Canaux et Forêts en Gâtinais;2;Non;Non;Non;2;Non;45243;Ouzouer-sous-Bellegarde;Commune;214502437;45243;OUZOUER-SOUS-BELLEGARDE;Epargne nette;56714.68;-84874.08;0.0;-28159.4;-0.0281594;320;-87.998125;1;;;;;;;;;2;;2024;320
228;Non;24;Centre-Val de Loire;45;Loiret;200070100;Communauté de communes du Val de Sully;4;Non;Non;Non;2;Non;45244;Ouzouer-sur-Loire;Commune;214502445;45244;OUZOUER-SUR-LOIRE;Epargne nette;393487.4;-23176.06;0.0;370311.34;0.37031134000000004;2652;139.6347435897436;1;;;;;;;;;2;;2024;2652
229;Non;24;Centre-Val de Loire;45;Loiret;200068278;Communauté de communes Berry Loire Puisaye;3;Oui;Non;Non;1;Non;45245;Ouzouer-sur-Trézée;Commune;214502452;45245;OUZOUER-SUR-TREZEE;Epargne nette;134085.12;16296.81;0.0;150381.93;0.15038193;1142;131.68295096322242;1;;;;;;;;;2;;2024;1142
230;Non;24;Centre-Val de Loire;45;Loiret;200066280;Communauté de communes du Pithiverais;1;Oui;Non;Non;2;Non;45246;Pannecières;Commune;214502460;45246;PANNECIERES;Epargne nette;17731.1;0.0;0.0;17731.1;0.0177311;127;139.61496062992126;1;;;;;;;;;2;;2024;127
231;Non;24;Centre-Val de Loire;45;Loiret;244500203;Communauté d'agglomération Montargoise et Rives du Loing (AME);5;Non;Non;Non;1;Non;45247;Pannes;Commune;214502478;45247;PANNES;Epargne nette;1273710.83;-76480.55;0.0;1197230.28;1.19723028;3777;316.97915806195397;1;;;;;;;;;2;;2024;3777
232;Non;24;Centre-Val de Loire;45;Loiret;200035764;Communauté de communes de la Beauce Loirétaine;4;Non;Non;Non;1;Non;45248;Patay;Commune;214502486;45248;PATAY;Epargne nette;271566.21;20302.25;-12500.0;304368.46;0.30436846;2346;129.739326513214;1;;;;;;;;;2;;2024;2346
233;Non;24;Centre-Val de Loire;45;Loiret;244500203;Communauté d'agglomération Montargoise et Rives du Loing (AME);3;Oui;Non;Non;3;Non;45249;Paucourt;Commune;214502494;45249;PAUCOURT;Epargne nette;21040.1699999999;0.0;0.0;21040.1699999999;0.0210401699999999;939;22.406996805111714;1;;;;;;;;;2;;2024;939
234;Non;24;Centre-Val de Loire;45;Loiret;200067668;Communauté de communes de la Cléry,du Betz et de l'Ouanne;2;Oui;Non;Non;2;Non;45250;Pers-en-Gâtinais;Commune;214502502;45250;PERS-EN-GATINAIS;Epargne nette;62802.84;0.0;0.0;62802.84;0.06280284;248;253.2372580645161;1;;;;;;;;;2;;2024;248
235;Non;24;Centre-Val de Loire;45;Loiret;200068278;Communauté de communes Berry Loire Puisaye;2;Oui;Non;Non;1;Non;45251;Pierrefitte-ès-Bois;Commune;214502510;45251;PIERREFITTE-ES-BOIS;Epargne nette;16196.29;0.0;0.0;16196.29;0.016196290000000002;299;54.168193979933115;1;;;;;;;;;2;;2024;299
236;Non;24;Centre-Val de Loire;45;Loiret;200066280;Communauté de communes du Pithiverais;6;Non;Non;Non;1;Oui;45252;Pithiviers;Commune;214502528;45252;PITHIVIERS;Epargne nette;1076485.84;0.0;0.0;1076485.84;1.0764858400000001;9238;116.52801905174282;1;;;;;;;;;2;;2024;9238
237;Non;24;Centre-Val de Loire;45;Loiret;200066280;Communauté de communes du Pithiverais;3;Oui;Non;Non;2;Non;45253;Pithiviers-le-Vieil;Commune;214502536;45253;PITHIVIERS-LE-VIEIL;Epargne nette;200798.74;0.0;0.0;200798.74;0.20079874;1769;113.50974561899378;1;;;;;;;;;2;;2024;1769
238;Non;24;Centre-Val de Loire;45;Loiret;244500211;Communauté de communes Giennoises;4;Non;Non;Non;2;Non;45254;Poilly-lez-Gien;Commune;214502544;45254;POILLY-LEZ-GIEN;Epargne nette;218735.99;10700.08;0.0;229436.07;0.22943607000000002;2487;92.25414957780458;1;;;;;;;;;2;;2024;2487
239;Non;24;Centre-Val de Loire;45;Loiret;244500419;Communauté de communes des Quatre Vallées;2;Oui;Non;Non;2;Non;45255;Préfontaines;Commune;214502551;45255;PREFONTAINES;Epargne nette;37451.28;32960.1;0.0;70411.38;0.07041138000000001;437;161.12443935926774;1;;;;;;;;;2;;2024;437
240;Non;24;Centre-Val de Loire;45;Loiret;200067676;Communauté de communes Canaux et Forêts en Gâtinais;2;Oui;Non;Non;2;Non;45256;Presnoy;Commune;214502569;45256;PRESNOY;Epargne nette;20980.28;0.0;0.0;20980.28;0.02098028;259;81.00494208494209;1;;;;;;;;;2;;2024;259
241;Non;24;Centre-Val de Loire;45;Loiret;200067676;Communauté de communes Canaux et Forêts en Gâtinais;3;Oui;Non;Non;1;Non;45257;Pressigny-les-Pins;Commune;214502577;45257;PRESSIGNY-LES-PINS;Epargne nette;-3969.42000000004;12777.23;0.0;8807.80999999995;0.00880780999999995;527;16.71311195445911;1;;;;;;;;;2;;2024;527
242;Non;24;Centre-Val de Loire;45;Loiret;200071850;Communauté de communes du Pithiverais-Gâtinais;4;Non;Non;Non;1;Non;45258;Puiseaux;Commune;214502585;45258;PUISEAUX;Epargne nette;488100.96;275488.04;0.0;763589.0;0.763589;3425;222.94569343065695;1;;;;;;;;;2;;2024;3425
243;Non;24;Centre-Val de Loire;45;Loiret;200067676;Communauté de communes Canaux et Forêts en Gâtinais;3;Non;Non;Non;2;Non;45259;Quiers-sur-Bezonde;Commune;214502593;45259;QUIERS-SUR-BEZONDE;Epargne nette;197226.41;0.0;0.0;197226.41;0.19722641;1162;169.7301290877797;1;;;;;;;;;2;;2024;1162
244;Non;24;Centre-Val de Loire;45;Loiret;200066280;Communauté de communes du Pithiverais;2;Oui;Non;Non;2;Non;45260;Ramoulu;Commune;214502601;45260;RAMOULU;Epargne nette;9311.42;0.0;0.0;9311.42;0.00931142;254;36.659133858267715;1;;;;;;;;;2;;2024;254
245;Non;24;Centre-Val de Loire;45;Loiret;244500484;Communauté de communes de la Forêt;3;Oui;Non;Non;2;Non;45261;Rebréchien;Commune;214502619;45261;REBRECHIEN;Epargne nette;33208.45;0.0;0.0;33208.45;0.03320845;1383;24.011894432393344;1;;;;;;;;;2;;2024;1383
246;Non;24;Centre-Val de Loire;45;Loiret;200035764;Communauté de communes de la Beauce Loirétaine;1;Oui;Non;Non;2;Non;45262;Rouvray-Sainte-Croix;Commune;214502627;45262;ROUVRAY-SAINTE-CROIX;Epargne nette;13127.91;0.0;0.0;13127.91;0.01312791;140;93.77078571428571;1;;;;;;;;;2;;2024;140
247;Non;24;Centre-Val de Loire;45;Loiret;200066280;Communauté de communes du Pithiverais;2;Oui;Non;Non;2;Non;45263;Rouvres-Saint-Jean;Commune;214502635;45263;ROUVRES-SAINT-JEAN;Epargne nette;-52237.67;0.0;0.0;-52237.67;-0.05223767;303;-172.4015511551155;1;;;;;;;;;2;;2024;303
248;Non;24;Centre-Val de Loire;45;Loiret;200070183;Communauté de communes des Terres du Val de Loire;1;Oui;Non;Non;2;Non;45264;Rozières-en-Beauce;Commune;214502643;45264;ROZIERES-EN-BEAUCE;Epargne nette;-27522.82;0.0;0.0;-27522.82;-0.02752282;183;-150.39792349726775;1;;;;;;;;;2;;2024;183
249;Non;24;Centre-Val de Loire;45;Loiret;244500419;Communauté de communes des Quatre Vallées;2;Oui;Non;Non;2;Non;45265;Rozoy-le-Vieil;Commune;214502650;45265;ROZOY-LE-VIEIL;Epargne nette;-31030.58;0.0;0.0;-31030.58;-0.031030580000000002;406;-76.43;1;;;;;;;;;2;;2024;406
250;Non;24;Centre-Val de Loire;45;Loiret;200035764;Communauté de communes de la Beauce Loirétaine;2;Oui;Non;Non;2;Non;45266;Ruan;Commune;214502668;45266;RUAN;Epargne nette;59197.15;0.0;0.0;59197.15;0.059197150000000004;201;294.513184079602;1;;;;;;;;;2;;2024;201
251;Non;24;Centre-Val de Loire;45;Loiret;200070100;Communauté de communes du Val de Sully;3;Oui;Non;Non;1;Non;45268;Saint-Aignan-le-Jaillard;Commune;214502684;45268;SAINT-AIGNAN-LE-JAILLARD;Epargne nette;15483.24;76780.95;0.0;92264.19;0.09226419;620;148.81320967741937;1;;;;;;;;;2;;2024;620
252;Non;24;Centre-Val de Loire;45;Loiret;200070183;Communauté de communes des Terres du Val de Loire;5;Non;Non;Non;2;Non;45269;Saint-Ay;Commune;214502692;45269;SAINT-AY;Epargne nette;-76511.5;48015.33;0.0;-28496.17;-0.028496169999999998;3734;-7.631539903588644;1;;;;;;;;;2;;2024;3734
253;Non;24;Centre-Val de Loire;45;Loiret;200070100;Communauté de communes du Val de Sully;4;Oui;Non;Non;2;Non;45270;Saint-Benoît-sur-Loire;Commune;214502700;45270;SAINT-BENOIT-SUR-LOIRE;Epargne nette;265145.84;35069.53;0.0;300215.37;0.30021537;2057;145.94816237238697;1;;;;;;;;;2;;2024;2057
254;Non;24;Centre-Val de Loire;45;Loiret;244500211;Communauté de communes Giennoises;3;Oui;Non;Non;2;Non;45271;Saint-Brisson-sur-Loire;Commune;214502718;45271;SAINT-BRISSON-SUR-LOIRE;Epargne nette;98200.0100000001;0.0;0.0;98200.0100000001;0.0982000100000001;983;99.89828077314354;1;;;;;;;;;2;;2024;983
255;Non;24;Centre-Val de Loire;45;Loiret;244500468;Orléans Métropole;4;Non;Non;Non;3;Non;45272;Saint-Cyr-en-Val;Commune;214502726;45272;SAINT-CYR-EN-VAL;Epargne nette;1123732.65;0.0;0.0;1123732.65;1.12373265;3467;324.1224834150562;1;;;;;;;;;2;;2024;3467
256;Non;24;Centre-Val de Loire;45;Loiret;244500427;Communauté de communes des Loges;4;Non;Non;Non;2;Non;45273;Saint-Denis-de-l'Hôtel;Commune;214502734;45273;SAINT-DENIS-DE-L'HOTEL;Epargne nette;1518269.02;128274.78;0.0;1646543.8;1.6465438000000001;3088;533.207189119171;1;;;;;;;;;2;;2024;3088
257;Non;24;Centre-Val de Loire;45;Loiret;244500468;Orléans Métropole;6;Non;Non;Non;3;Non;45274;Saint-Denis-en-Val;Commune;214502742;45274;SAINT-DENIS-EN-VAL;Epargne nette;1410806.74;0.0;0.0;1410806.74;1.41080674;7842;179.9039454220862;1;;;;;;;;;2;;2024;7842
258;Non;24;Centre-Val de Loire;45;Loiret;200067668;Communauté de communes de la Cléry,du Betz et de l'Ouanne;2;Oui;Non;Non;2;Non;45275;Saint-Firmin-des-Bois;Commune;214502759;45275;SAINT-FIRMIN-DES-BOIS;Epargne nette;22075.72;-2839.7;0.0;19236.02;0.01923602;487;39.49901437371663;1;;;;;;;;;2;;2024;487
259;Non;24;Centre-Val de Loire;45;Loiret;200068278;Communauté de communes Berry Loire Puisaye;3;Non;Non;Non;2;Non;45276;Saint-Firmin-sur-Loire;Commune;214502767;45276;SAINT-FIRMIN-SUR-LOIRE;Epargne nette;97470.53;27596.7;0.0;125067.23;0.12506723;513;243.7957699805068;1;;;;;;;;;2;;2024;513
260;Non;24;Centre-Val de Loire;45;Loiret;200070100;Communauté de communes du Val de Sully;2;Oui;Non;Non;2;Non;45277;Saint-Florent;Commune;214502775;45277;SAINT-FLORENT-LE-JEUNE;Epargne nette;95966.57;13642.15;0.0;109608.72;0.10960872;457;239.8440262582057;1;;;;;;;;;2;;2024;457
261;Non;24;Centre-Val de Loire;45;Loiret;200067676;Communauté de communes Canaux et Forêts en Gâtinais;3;Non;Non;Non;1;Non;45278;Sainte-Geneviève-des-Bois;Commune;214502783;45278;SAINTE-GENEVIEVE-DES-BOIS;Epargne nette;155661.61;0.0;0.0;155661.61;0.15566160999999998;1126;138.24299289520425;1;;;;;;;;;2;;2024;1126
262;Non;24;Centre-Val de Loire;45;Loiret;200067668;Communauté de communes de la Cléry,du Betz et de l'Ouanne;3;Oui;Non;Non;2;Non;45279;Saint-Germain-des-Prés;Commune;214502791;45279;SAINT-GERMAIN-DES-PRES;Epargne nette;178346.53;0.0;0.0;178346.53;0.17834653;1918;92.98567778936392;1;;;;;;;;;2;;2024;1918
263;Non;24;Centre-Val de Loire;45;Loiret;244500211;Communauté de communes Giennoises;3;Oui;Non;Non;2;Non;45280;Saint-Gondon;Commune;214502809;45280;SAINT-GONDON;Epargne nette;93452.51;17147.52;0.0;110600.03;0.11060003;1080;102.40743518518518;1;;;;;;;;;2;;2024;1080
264;Non;24;Centre-Val de Loire;45;Loiret;200067668;Communauté de communes de la Cléry,du Betz et de l'Ouanne;3;Oui;Non;Non;2;Non;45281;Saint-Hilaire-les-Andrésis;Commune;214502817;45281;SAINT-HILAIRE-LES-ANDRESIS;Epargne nette;164594.63;32997.08;0.0;197591.71;0.19759171;964;204.97065352697095;1;;;;;;;;;2;;2024;964
265;Non;24;Centre-Val de Loire;45;Loiret;244500468;Orléans Métropole;4;Non;Non;Non;3;Non;45282;Saint-Hilaire-Saint-Mesmin;Commune;214502825;45282;SAINT-HILAIRE-SAINT-MESMIN;Epargne nette;903492.300000001;0.0;0.0;903492.300000001;0.903492300000001;3204;281.9888576779029;1;;;;;;;;;2;;2024;3204
266;Non;24;Centre-Val de Loire;45;Loiret;200067676;Communauté de communes Canaux et Forêts en Gâtinais;1;Oui;Non;Non;2;Non;45283;Saint-Hilaire-sur-Puiseaux;Commune;214502833;45283;SAINT-HILAIRE-SUR-PUISEAUX;Epargne nette;46598.07;0.0;0.0;46598.07;0.04659807;164;284.1345731707317;1;;;;;;;;;2;;2024;164
267;Non;24;Centre-Val de Loire;45;Loiret;244500468;Orléans Métropole;8;Non;Non;Non;1;Oui;45284;Saint-Jean-de-Braye;Commune;214502841;45284;SAINT-JEAN-DE-BRAYE;Epargne nette;3330700.36;0.0;0.0;3330700.36;3.33070036;22312;149.2784313373969;1;;;;;;;;;2;;2024;22312
268;Non;24;Centre-Val de Loire;45;Loiret;244500468;Orléans Métropole;7;Non;Non;Non;1;Oui;45285;Saint-Jean-de-la-Ruelle;Commune;214502858;45285;SAINT-JEAN-DE-LA-RUELLE;Epargne nette;2479133.81;-70390.75;0.0;2408743.06;2.40874306;16840;143.03699881235156;1;;;;;;;;;2;;2024;16840
269;Non;24;Centre-Val de Loire;45;Loiret;244500468;Orléans Métropole;6;Non;Non;Non;2;Non;45286;Saint-Jean-le-Blanc;Commune;214502866;45286;SAINT-JEAN-LE-BLANC;Epargne nette;1807139.2;5325.25;0.0;1812464.45;1.81246445;9518;190.42492645513764;1;;;;;;;;;2;;2024;9518
270;Non;24;Centre-Val de Loire;45;Loiret;200071850;Communauté de communes du Pithiverais-Gâtinais;2;Oui;Non;Non;2;Non;45288;Saint-Loup-des-Vignes;Commune;214502882;45288;SAINT-LOUP-DES-VIGNES;Epargne nette;91807.77;3924.88;0.0;95732.65;0.09573264999999999;399;239.9314536340852;1;;;;;;;;;2;;2024;399
271;Non;24;Centre-Val de Loire;45;Loiret;244500484;Communauté de communes de la Forêt;3;Oui;Non;Non;2;Non;45289;Saint-Lyé-la-Forêt;Commune;214502890;45289;SAINT-LYE-LA-FORET;Epargne nette;102252.8;0.0;0.0;102252.8;0.1022528;1250;81.80224;1;;;;;;;;;2;;2024;1250
272;Non;24;Centre-Val de Loire;45;Loiret;244500427;Communauté de communes des Loges;3;Non;Non;Non;2;Non;45290;Saint-Martin-d'Abbat;Commune;214502908;45290;SAINT-MARTIN-D'ABBAT;Epargne nette;-82222.4200000002;0.0;0.0;-82222.4200000002;-0.0822224200000002;1819;-45.20199010445311;1;;;;;;;;;2;;2024;1819
273;Non;24;Centre-Val de Loire;45;Loiret;244500211;Communauté de communes Giennoises;3;Non;Non;Non;2;Non;45291;Saint-Martin-sur-Ocre;Commune;214502916;45291;SAINT-MARTIN-SUR-OCRE;Epargne nette;134712.06;0.0;0.0;134712.06;0.13471206;1272;105.90570754716981;1;;;;;;;;;2;;2024;1272
274;Non;24;Centre-Val de Loire;45;Loiret;200067676;Communauté de communes Canaux et Forêts en Gâtinais;3;Oui;Non;Non;1;Non;45292;Saint-Maurice-sur-Aveyron;Commune;214502924;45292;SAINT-MAURICE-SUR-AVEYRON;Epargne nette;99786.12;-11141.84;0.0;88644.28;0.08864427999999999;859;103.19473806752038;1;;;;;;;;;2;;2024;859
275;Non;24;Centre-Val de Loire;45;Loiret;244500203;Communauté d'agglomération Montargoise et Rives du Loing (AME);3;Oui;Non;Non;2;Non;45293;Saint-Maurice-sur-Fessard;Commune;214502932;45293;SAINT-MAURICE-SUR-FESSARD;Epargne nette;54602.71;0.0;0.0;54602.71;0.05460271;1172;46.58934300341297;1;;;;;;;;;2;;2024;1172
276;Non;24;Centre-Val de Loire;45;Loiret;200071850;Communauté de communes du Pithiverais-Gâtinais;1;Oui;Non;Non;1;Non;45294;Saint-Michel;Commune;214502940;45294;SAINT-MICHEL;Epargne nette;-23142.28;0.0;0.0;-23142.28;-0.023142279999999998;144;-160.71027777777778;1;;;;;;;;;2;;2024;144
277;Non;24;Centre-Val de Loire;45;Loiret;200035764;Communauté de communes de la Beauce Loirétaine;3;Oui;Non;Non;1;Non;45296;Saint-Péravy-la-Colombe;Commune;214502965;45296;SAINT-PERAVY-LA-COLOMBE;Epargne nette;-192577.55;0.0;0.0;-192577.55;-0.19257755;774;-248.80820413436692;1;;;;;;;;;2;;2024;774
278;Non;24;Centre-Val de Loire;45;Loiret;200070100;Communauté de communes du Val de Sully;3;Non;Non;Non;2;Non;45297;Saint-Père-sur-Loire;Commune;214502973;45297;SAINT-PERE-SUR-LOIRE;Epargne nette;-2244.40999999992;14949.21;0.0;12704.8000000001;0.0127048000000001;1050;12.099809523809618;1;;;;;;;;;2;;2024;1050
279;Non;24;Centre-Val de Loire;45;Loiret;244500468;Orléans Métropole;6;Non;Non;Non;2;Non;45298;Saint-Pryvé-Saint-Mesmin;Commune;214502981;45298;SAINT-PRYVE-SAINT-MESMIN;Epargne nette;1564106.87;0.0;0.0;1564106.87;1.56410687;6290;248.66563910969796;1;;;;;;;;;2;;2024;6290
280;Non;24;Centre-Val de Loire;45;Loiret;200035764;Communauté de communes de la Beauce Loirétaine;2;Oui;Non;Non;2;Non;45299;Saint-Sigismond;Commune;214502999;45299;SAINT-SIGISMOND;Epargne nette;-20442.32;0.0;0.0;-20442.32;-0.02044232;268;-76.27731343283583;1;;;;;;;;;2;;2024;268
281;Non;24;Centre-Val de Loire;45;Loiret;244500427;Communauté de communes des Loges;5;Non;Non;Non;2;Non;45300;Sandillon;Commune;214503005;45300;SANDILLON;Epargne nette;946042.890000001;126835.25;0.0;1072878.14;1.0728781399999998;4312;248.81218460111316;1;;;;;;;;;2;;2024;4312
282;Non;24;Centre-Val de Loire;45;Loiret;200066280;Communauté de communes du Pithiverais;2;Oui;Non;Non;2;Non;45301;Santeau;Commune;214503013;45301;SANTEAU;Epargne nette;30048.11;0.0;0.0;30048.11;0.03004811;396;75.87906565656566;1;;;;;;;;;2;;2024;396
283;Non;24;Centre-Val de Loire;45;Loiret;244500468;Orléans Métropole;7;Non;Non;Non;1;Non;45302;Saran;Commune;214503021;45302;SARAN;Epargne nette;3047128.73;796459.9;-730391.0;4573979.63;4.57397963;16888;270.84199609189955;1;;;;;;;;;2;;2024;16888
284;Non;24;Centre-Val de Loire;45;Loiret;244500419;Communauté de communes des Quatre Vallées;3;Oui;Non;Non;2;Non;45303;Sceaux-du-Gâtinais;Commune;214503039;45303;SCEAUX-DU-GATINAIS;Epargne nette;32005.3200000001;0.0;0.0;32005.3200000001;0.0320053200000001;637;50.243830455259186;1;;;;;;;;;2;;2024;637
285;Non;24;Centre-Val de Loire;45;Loiret;244500427;Communauté de communes des Loges;2;Oui;Non;Non;1;Non;45305;Seichebrières;Commune;214503054;45305;SEICHEBRIERES;Epargne nette;30478.47;3036.69;0.0;33515.16;0.03351516;222;150.9691891891892;1;;;;;;;;;2;;2024;222
286;Non;24;Centre-Val de Loire;45;Loiret;200067668;Communauté de communes de la Cléry,du Betz et de l'Ouanne;3;Oui;Non;Non;2;Non;45306;La Selle-en-Hermoy;Commune;214503062;45306;SELLE-EN-HERMOY LA;Epargne nette;110480.24;-18318.01;0.0;92162.23;0.09216223;786;117.25474554707378;1;;;;;;;;;2;;2024;786
287;Non;24;Centre-Val de Loire;45;Loiret;244500468;Orléans Métropole;4;Non;Non;Non;2;Non;45308;Semoy;Commune;214503088;45308;SEMOY;Epargne nette;951446.52;67118.25;0.0;1018564.77;1.01856477;3287;309.87671737146337;1;;;;;;;;;2;;2024;3287
288;Non;24;Centre-Val de Loire;45;Loiret;200005932;Communauté de communes des Portes de Sologne;3;Oui;Non;Non;2;Non;45309;Sennely;Commune;214503096;45309;SENNELY;Epargne nette;48730.89;-45269.18;0.0;3461.71000000002;0.00346171000000002;705;4.910226950354638;1;;;;;;;;;2;;2024;705
289;Non;24;Centre-Val de Loire;45;Loiret;200066280;Communauté de communes du Pithiverais;3;Oui;Non;Non;1;Non;45310;Sermaises;Commune;214503104;45310;SERMAISES;Epargne nette;-347679.01;0.0;0.0;-347679.01;-0.34767901;1719;-202.25655031995348;1;;;;;;;;;2;;2024;1719
290;Non;24;Centre-Val de Loire;45;Loiret;244500427;Communauté de communes des Loges;3;Oui;Non;Non;2;Non;45311;Sigloy;Commune;214503112;45311;SIGLOY;Epargne nette;8062.88;0.0;0.0;8062.88;0.00806288;680;11.857176470588236;1;;;;;;;;;2;;2024;680
291;Non;24;Centre-Val de Loire;45;Loiret;244500203;Communauté d'agglomération Montargoise et Rives du Loing (AME);2;Oui;Non;Non;2;Non;45312;Solterre;Commune;214503120;45312;SOLTERRE;Epargne nette;48015.51;0.0;0.0;48015.51;0.048015510000000004;482;99.61724066390042;1;;;;;;;;;2;;2024;482
292;Non;24;Centre-Val de Loire;45;Loiret;200035764;Communauté de communes de la Beauce Loirétaine;3;Oui;Non;Non;2;Non;45313;Sougy;Commune;214503138;45313;SOUGY;Epargne nette;-89574.1800000001;0.0;0.0;-89574.1800000001;-0.0895741800000001;829;-108.05088057901096;1;;;;;;;;;2;;2024;829
293;Non;24;Centre-Val de Loire;45;Loiret;244500427;Communauté de communes des Loges;2;Oui;Non;Non;2;Non;45314;Sully-la-Chapelle;Commune;214503146;45314;SULLY-LA-CHAPELLE;Epargne nette;41384.09;11234.74;0.0;52618.83;0.05261883;457;115.13967177242888;1;;;;;;;;;2;;2024;457
294;Non;24;Centre-Val de Loire;45;Loiret;200070100;Communauté de communes du Val de Sully;6;Non;Non;Non;1;Oui;45315;Sully-sur-Loire;Commune;214503153;45315;SULLY-SUR-LOIRE;Epargne nette;132527.52;-2982.03;0.0;129545.49;0.12954549;5220;24.81714367816092;1;;;;;;;;;2;;2024;5220
295;Non;24;Centre-Val de Loire;45;Loiret;244500427;Communauté de communes des Loges;3;Oui;Non;Non;2;Non;45316;Sury-aux-Bois;Commune;214503161;45316;SURY-AUX-BOIS;Epargne nette;99358.6300000001;-815.959999999997;0.0;98542.6700000001;0.0985426700000001;805;122.41325465838521;1;;;;;;;;;2;;2024;805
296;Non;24;Centre-Val de Loire;45;Loiret;200070183;Communauté de communes des Terres du Val de Loire;3;Non;Non;Non;2;Non;45317;Tavers;Commune;214503179;45317;TAVERS;Epargne nette;68236.9099999997;58127.88;0.0;126364.79;0.12636479;1375;91.90166545454545;1;;;;;;;;;2;;2024;1375
297;Non;24;Centre-Val de Loire;45;Loiret;200066280;Communauté de communes du Pithiverais;2;Oui;Non;Non;1;Non;45320;Thignonville;Commune;214503203;45320;THIGNONVILLE;Epargne nette;10371.97;0.0;0.0;10371.97;0.01037197;414;25.05306763285024;1;;;;;;;;;2;;2024;414
298;Non;24;Centre-Val de Loire;45;Loiret;200067676;Communauté de communes Canaux et Forêts en Gâtinais;3;Oui;Non;Non;1;Non;45321;Thimory;Commune;214503211;45321;THIMORY;Epargne nette;71975.6900000001;10196.27;0.0;82171.9600000001;0.0821719600000001;711;115.57237693389605;1;;;;;;;;;2;;2024;711
299;Non;24;Centre-Val de Loire;45;Loiret;200067668;Communauté de communes de la Cléry,du Betz et de l'Ouanne;2;Oui;Non;Non;1;Non;45322;Thorailles;Commune;214503229;45322;THORAILLES;Epargne nette;37729.02;0.0;0.0;37729.02;0.037729019999999995;202;186.77732673267326;1;;;;;;;;;2;;2024;202
300;Non;24;Centre-Val de Loire;45;Loiret;200068278;Communauté de communes Berry Loire Puisaye;2;Oui;Non;Non;1;Non;45323;Thou;Commune;214503237;45323;THOU;Epargne nette;70688.65;0.0;0.0;70688.65;0.07068864999999999;219;322.7792237442922;1;;;;;;;;;2;;2024;219
301;Non;24;Centre-Val de Loire;45;Loiret;244500427;Communauté de communes des Loges;4;Oui;Non;Non;2;Non;45324;Tigy;Commune;214503245;45324;TIGY;Epargne nette;316299.22;161560.4;0.0;477859.62;0.47785962;2472;193.3089077669903;1;;;;;;;;;2;;2024;2472
302;Non;24;Centre-Val de Loire;45;Loiret;244500542;Communauté de communes de la Plaine du Nord Loiret;2;Oui;Non;Non;2;Non;45325;Tivernon;Commune;214503252;45325;TIVERNON;Epargne nette;-78421.33;0.0;0.0;-78421.33;-0.07842133;300;-261.4044333333333;1;;;;;;;;;2;;2024;300
303;Non;24;Centre-Val de Loire;45;Loiret;200035764;Communauté de communes de la Beauce Loirétaine;2;Oui;Non;Non;1;Non;45326;Tournoisis;Commune;214503260;45326;TOURNOISIS;Epargne nette;64764.16;0.0;0.0;64764.16;0.06476416;395;163.95989873417722;1;;;;;;;;;2;;2024;395
304;Non;24;Centre-Val de Loire;45;Loiret;244500484;Communauté de communes de la Forêt;5;Non;Non;Non;2;Non;45327;Traînou;Commune;214503278;45327;TRAINOU;Epargne nette;552487.74;0.0;0.0;552487.74;0.55248774;3516;157.13530716723548;1;;;;;;;;;2;;2024;3516
305;Non;24;Centre-Val de Loire;45;Loiret;244500419;Communauté de communes des Quatre Vallées;2;Oui;Non;Non;1;Non;45328;Treilles-en-Gâtinais;Commune;214503286;45328;TREILLES-EN-GATINAIS;Epargne nette;-35549.87;-189884.39;0.0;-225434.26;-0.22543426;297;-759.0379124579125;1;;;;;;;;;2;;2024;297
306;Non;24;Centre-Val de Loire;45;Loiret;200067668;Communauté de communes de la Cléry,du Betz et de l'Ouanne;3;Oui;Non;Non;1;Non;45329;Triguères;Commune;214503294;45329;TRIGUERES;Epargne nette;203916.52;87541.53;0.0;291458.05;0.29145804999999997;1314;221.80977929984778;1;;;;;;;;;2;;2024;1314
307;Non;24;Centre-Val de Loire;45;Loiret;200035764;Communauté de communes de la Beauce Loirétaine;2;Oui;Non;Non;2;Non;45330;Trinay;Commune;214503302;45330;TRINAY;Epargne nette;51420.86;0.0;0.0;51420.86;0.05142086;213;241.4124882629108;1;;;;;;;;;2;;2024;213
308;Non;24;Centre-Val de Loire;45;Loiret;200070100;Communauté de communes du Val de Sully;3;Oui;Non;Non;2;Non;45331;Vannes-sur-Cosson;Commune;214503310;45331;VANNES-SUR-COSSON;Epargne nette;41371.7;5602.69;0.0;46974.39;0.04697439;623;75.40030497592295;1;;;;;;;;;2;;2024;623
309;Non;24;Centre-Val de Loire;45;Loiret;200067676;Communauté de communes Canaux et Forêts en Gâtinais;3;Oui;Non;Non;2;Non;45332;Varennes-Changy;Commune;214503328;45332;VARENNES-CHANGY;Epargne nette;269072.17;46119.9;0.0;315192.07;0.31519207;1507;209.15200398142005;1;;;;;;;;;2;;2024;1507
310;Non;24;Centre-Val de Loire;45;Loiret;244500484;Communauté de communes de la Forêt;4;Oui;Non;Non;2;Non;45333;Vennecy;Commune;214503336;45333;VENNECY;Epargne nette;472876.46;0.0;0.0;472876.46;0.47287646;2084;226.90809021113245;1;;;;;;;;;2;;2024;2084
311;Non;24;Centre-Val de Loire;45;Loiret;200067676;Communauté de communes Canaux et Forêts en Gâtinais;3;Oui;Non;Non;1;Non;45334;Vieilles-Maisons-sur-Joudry;Commune;214503344;45334;VIEILLES-MAISONS-SUR-JOUDRY;Epargne nette;-590004.02;27391.42;0.0;-562612.6;-0.5626126;636;-884.6110062893082;1;;;;;;;;;2;;2024;636
312;Non;24;Centre-Val de Loire;45;Loiret;244500427;Communauté de communes des Loges;4;Oui;Non;Non;2;Non;45335;Vienne-en-Val;Commune;214503351;45335;VIENNE-EN-VAL;Epargne nette;106559.13;65892.97;0.0;172452.1;0.1724521;2003;86.09690464303544;1;;;;;;;;;2;;2024;2003
313;Non;24;Centre-Val de Loire;45;Loiret;200070100;Communauté de communes du Val de Sully;3;Oui;Non;Non;2;Non;45336;Viglain;Commune;214503369;45336;VIGLAIN;Epargne nette;33016.5600000001;44603.5;0.0;77620.0600000001;0.0776200600000001;882;88.00460317460329;1;;;;;;;;;2;;2024;882
314;Non;24;Centre-Val de Loire;45;Loiret;200035764;Communauté de communes de la Beauce Loirétaine;2;Oui;Non;Non;2;Non;45337;Villamblain;Commune;214503377;45337;VILLAMBLAIN;Epargne nette;13723.45;0.0;0.0;13723.45;0.01372345;283;48.492756183745584;1;;;;;;;;;2;;2024;283
315;Non;24;Centre-Val de Loire;45;Loiret;244500203;Communauté d'agglomération Montargoise et Rives du Loing (AME);6;Non;Non;Non;2;Oui;45338;Villemandeur;Commune;214503385;45338;VILLEMANDEUR;Epargne nette;743140.51;0.0;0.0;743140.51;0.74314051;7213;103.02793705808956;1;;;;;;;;;2;;2024;7213
316;Non;24;Centre-Val de Loire;45;Loiret;200067676;Communauté de communes Canaux et Forêts en Gâtinais;2;Oui;Non;Non;1;Non;45339;Villemoutiers;Commune;214503393;45339;VILLEMOUTIERS;Epargne nette;25949.8700000001;2792.08;0.0;28741.9500000001;0.0287419500000001;486;59.13981481481502;1;;;;;;;;;2;;2024;486
317;Non;24;Centre-Val de Loire;45;Loiret;200070100;Communauté de communes du Val de Sully;3;Oui;Non;Non;1;Non;45340;Villemurlin;Commune;214503401;45340;VILLEMURLIN;Epargne nette;68840.9700000001;57094.33;0.0;125935.3;0.1259353;561;224.4836007130125;1;;;;;;;;;2;;2024;561
318;Non;24;Centre-Val de Loire;45;Loiret;200035764;Communauté de communes de la Beauce Loirétaine;2;Oui;Non;Non;2;Non;45341;Villeneuve-sur-Conie;Commune;214503419;45341;VILLENEUVE-SUR-CONIE;Epargne nette;-71561.22;0.0;0.0;-71561.22;-0.07156122;201;-356.02597014925374;1;;;;;;;;;2;;2024;201
319;Non;24;Centre-Val de Loire;45;Loiret;244500484;Communauté de communes de la Forêt;2;Oui;Non;Non;2;Non;45342;Villereau;Commune;214503427;45342;VILLEREAU;Epargne nette;39277.21;0.0;0.0;39277.21;0.03927721;400;98.19302499999999;1;;;;;;;;;2;;2024;400
320;Non;24;Centre-Val de Loire;45;Loiret;244500419;Communauté de communes des Quatre Vallées;2;Oui;Non;Non;1;Non;45343;Villevoques;Commune;214503435;45343;VILLEVOQUES;Epargne nette;28158.05;0.0;0.0;28158.05;0.02815805;206;136.6895631067961;1;;;;;;;;;2;;2024;206
321;Non;24;Centre-Val de Loire;45;Loiret;200070183;Communauté de communes des Terres du Val de Loire;3;Oui;Non;Non;2;Non;45344;Villorceau;Commune;214503443;45344;VILLORCEAU;Epargne nette;171422.33;4786.63;0.0;176208.96;0.17620896;1094;161.06851919561242;1;;;;;;;;;2;;2024;1094
322;Non;24;Centre-Val de Loire;45;Loiret;244500203;Communauté d'agglomération Montargoise et Rives du Loing (AME);3;Oui;Non;Non;2;Non;45345;Vimory;Commune;214503450;45345;VIMORY;Epargne nette;114727.8;0.0;0.0;114727.8;0.1147278;1144;100.28653846153847;1;;;;;;;;;2;;2024;1144
323;Non;24;Centre-Val de Loire;45;Loiret;244500427;Communauté de communes des Loges;4;Oui;Non;Non;2;Non;45346;Vitry-aux-Loges;Commune;214503468;45346;VITRY-AUX-LOGES;Epargne nette;222700.3;177287.45;0.0;399987.75;0.39998775;2275;175.8187912087912;1;;;;;;;;;2;;2024;2275
324;Non;24;Centre-Val de Loire;45;Loiret;200066280;Communauté de communes du Pithiverais;3;Oui;Non;Non;2;Non;45347;Vrigny;Commune;214503476;45347;VRIGNY;Epargne nette;-206096.13;0.0;0.0;-206096.13;-0.20609613000000002;824;-250.11666262135924;1;;;;;;;;;2;;2024;824
325;Non;24;Centre-Val de Loire;45;Loiret;200066280;Communauté de communes du Pithiverais;3;Oui;Non;Non;2;Non;45348;Yèvre-la-Ville;Commune;214503484;45348;YEVRE-LA-VILLE;Epargne nette;62158.1299999999;0.0;0.0;62158.1299999999;0.0621581299999999;693;89.69427128427114;1;;;;;;;;;2;;2024;693
