Observatoire des territoires - ANCT; ; 
Référentiel géographique : Communes (2025); ; 
Sélection : Île-de-France; ; 
Code;Libellé;Nombre de logements vacants 2022
75056;Paris;136957
77001;Achères-la-Forêt;38
77002;Amillis;37
77003;Amponville;10
77004;Andrezel;8
77005;Annet-sur-Marne;84
77006;Arbonne-la-Forêt;23
77007;Argentières;7
77008;Armentières-en-Brie;38
77009;Arville;10
77010;Aubepierre-Ozouer-le-Repos;20
77011;Aufferville;32
77012;Augers-en-Brie;12
77013;Aulnoy;4
77014;Avon;817
77015;Baby;2
77016;Bagneaux-sur-Loing;45
77018;Bailly-Romainvilliers;279
77019;Balloy;18
77020;Bannost-Villegagnon;19
77021;Barbey;20
77022;Barbizon;52
77023;Barcy;3
77024;Bassevelle;11
77025;Bazoches-lès-Bray;37
77026;Beauchery-Saint-Martin;21
77027;Beaumont-du-Gâtinais;79
77029;Beauvoir;14
77030;Bellot;34
77031;Bernay-Vilbert;24
77032;Beton-Bazoches;49
77033;Bezalles;6
77034;Blandy;41
77035;Blennes;28
77036;Boisdon;5
77037;Bois-le-Roi;175
77038;Boissettes;19
77039;Boissise-la-Bertrand;25
77040;Boissise-le-Roi;86
77041;Boissy-aux-Cailles;5
77042;Boissy-le-Châtel;89
77043;Boitron;13
77044;Bombon;41
77045;Bougligny;25
77046;Boulancourt;3
77047;Bouleurs;35
77048;Bourron-Marlotte;96
77049;Boutigny;16
77050;Bransles;32
77051;Bray-sur-Seine;233
77052;Bréau;14
77053;Brie-Comte-Robert;488
77054;La Brosse-Montceaux;14
77055;Brou-sur-Chantereine;249
77056;Burcy;14
77057;Bussières;33
77058;Bussy-Saint-Georges;571
77059;Bussy-Saint-Martin;15
77060;Buthiers;29
77061;Cannes-Écluse;94
77062;Carnetin;11
77063;La Celle-sur-Morin;46
77065;Cély;37
77066;Cerneux;18
77067;Cesson;114
77068;Cessoy-en-Montois;7
77069;Chailly-en-Bière;72
77070;Chailly-en-Brie;38
77071;Chaintreaux;58
77072;Chalautre-la-Grande;38
77073;Chalautre-la-Petite;5
77075;Chalifert;59
77076;Chalmaison;18
77077;Chambry;19
77078;Chamigny;38
77079;Champagne-sur-Seine;279
77080;Champcenest;4
77081;Champdeuil;14
77082;Champeaux;30
77083;Champs-sur-Marne;521
77084;Changis-sur-Marne;28
77085;Chanteloup-en-Brie;37
77086;La Chapelle-Gauthier;29
77087;La Chapelle-Iger;3
77088;La Chapelle-la-Reine;103
77089;La Chapelle-Rablais;24
77090;La Chapelle-Saint-Sulpice;3
77091;Les Chapelles-Bourbon;8
77093;La Chapelle-Moutils;31
77094;Charmentray;6
77095;Charny;16
77096;Chartrettes;77
77097;Chartronges;7
77098;Châteaubleau;12
77099;Château-Landon;263
77100;Le Châtelet-en-Brie;140
77101;Châtenay-sur-Seine;34
77102;Châtenoy;4
77103;Châtillon-la-Borde;10
77104;Châtres;15
77106;Chauffry;25
77107;Chaumes-en-Brie;165
77108;Chelles;1367
77109;Chenoise-Cucharmoy;60
77110;Chenou;11
77111;Chessy;157
77112;Chevrainvilliers;15
77113;Chevru;22
77114;Chevry-Cossigny;79
77115;Chevry-en-Sereine;14
77116;Choisy-en-Brie;52
77117;Citry;44
77118;Claye-Souilly;313
77119;Clos-Fontaine;1
77120;Cocherel;21
77121;Collégien;42
77122;Combs-la-Ville;425
77123;Compans;14
77124;Conches-sur-Gondoire;34
77125;Condé-Sainte-Libiaire;45
77126;Congis-sur-Thérouanne;49
77127;Coubert;41
77128;Couilly-Pont-aux-Dames;60
77129;Coulombs-en-Valois;29
77130;Coulommes;24
77131;Coulommiers;692
77132;Coupvray;194
77133;Courcelles-en-Bassée;1
77134;Courchamp;8
77135;Courpalay;38
77136;Courquetaine;3
77137;Courtacon;9
77138;Courtomer;13
77139;Courtry;106
77140;Coutençon;3
77141;Coutevroult;26
77142;Crécy-la-Chapelle;174
77143;Crégy-lès-Meaux;66
77144;Crèvecœur-en-Brie;5
77145;Crisenoy;16
77146;Croissy-Beaubourg;29
77147;La Croix-en-Brie;45
77148;Crouy-sur-Ourcq;66
77150;Cuisy;7
77151;Dagny;10
77152;Dammarie-les-Lys;398
77153;Dammartin-en-Goële;270
77154;Dammartin-sur-Tigeaux;59
77155;Dampmart;99
77156;Darvault;49
77157;Dhuisy;18
77158;Diant;19
77159;Donnemarie-Dontilly;125
77161;Dormelles;15
77162;Doue;49
77163;Douy-la-Ramée;17
77164;Échouboulains;25
77165;Les Écrennes;26
77167;Égligny;9
77168;Égreville;110
77169;Émerainville;158
77171;Esbly;201
77172;Esmans;35
77173;Étrépilly;29
77174;Everly;12
77175;Évry-Grégy-sur-Yerre;41
77176;Faremoutiers;94
77177;Favières;24
77178;Faÿ-lès-Nemours;31
77179;Féricy;26
77180;Férolles-Attilly;21
77181;Ferrières-en-Brie;94
77182;La Ferté-Gaucher;322
77183;La Ferté-sous-Jouarre;703
77184;Flagy;16
77185;Fleury-en-Bière;26
77186;Fontainebleau;985
77187;Fontaine-Fourches;34
77188;Fontaine-le-Port;24
77190;Fontains;8
77191;Fontenailles;33
77192;Fontenay-Trésigny;181
77193;Forfry;4
77194;Forges;15
77195;Fouju;10
77196;Fresnes-sur-Marne;15
77197;Frétoy;4
77198;Fromont;8
77199;Fublaines;36
77200;Garentreville;1
77201;Gastins;28
77202;La Genevraye;25
77203;Germigny-l'Évêque;38
77204;Germigny-sous-Coulombs;2
77205;Gesvres-le-Chapitre;2
77206;Giremoutiers;2
77207;Gironville;5
77208;Gouaix;73
77209;Gouvernes;19
77210;La Grande-Paroisse;66
77211;Grandpuits-Bailly-Carrois;27
77212;Gravon;8
77214;Gressy;10
77215;Gretz-Armainvilliers;255
77216;Grez-sur-Loing;53
77217;Grisy-Suisnes;118
77218;Grisy-sur-Seine;7
77219;Guérard;82
77220;Guercheville;17
77221;Guermantes;17
77222;Guignes;126
77223;Gurcy-le-Châtel;10
77224;Hautefeuille;12
77225;La Haute-Maison;15
77226;Héricy;72
77227;Hermé;18
77228;Hondevilliers;17
77229;La Houssaye-en-Brie;35
77230;Ichy;7
77231;Isles-les-Meldeuses;32
77232;Isles-lès-Villenoy;22
77233;Iverny;12
77234;Jablines;13
77235;Jaignes;9
77236;Jaulnes;20
77237;Jossigny;32
77238;Jouarre;146
77239;Jouy-le-Châtel;74
77240;Jouy-sur-Morin;106
77241;Juilly;21
77242;Jutigny;24
77243;Lagny-sur-Marne;879
77244;Larchant;47
77245;Laval-en-Brie;10
77246;Léchelle;16
77247;Lescherolles;22
77248;Lesches;9
77249;Lésigny;122
77250;Leudon-en-Brie;4
77251;Lieusaint;182
77252;Limoges-Fourches;11
77253;Lissy;12
77254;Liverdy-en-Brie;32
77255;Livry-sur-Seine;108
77256;Lizines;7
77257;Lizy-sur-Ourcq;137
77258;Lognes;286
77259;Longperrier;105
77260;Longueville;72
77261;Lorrez-le-Bocage-Préaux;83
77262;Louan-Villegruis-Fontaine;24
77263;Luisetaines;9
77264;Lumigny-Nesles-Ormeaux;23
77265;Luzancy;47
77266;Machault;26
77267;La Madeleine-sur-Loing;9
77268;Magny-le-Hongre;536
77269;Maincy;58
77270;Maisoncelles-en-Brie;18
77271;Maisoncelles-en-Gâtinais;8
77272;Maison-Rouge;32
77273;Marchémoret;10
77274;Marcilly;18
77275;Les Marêts;5
77276;Mareuil-lès-Meaux;60
77277;Marles-en-Brie;47
77278;Marolles-en-Brie;7
77279;Marolles-sur-Seine;46
77280;Mary-sur-Marne;25
77281;Mauperthuis;22
77282;Mauregard;11
77283;May-en-Multien;24
77284;Meaux;1830
77285;Le Mée-sur-Seine;517
77286;Meigneux;6
77287;Meilleray;14
77288;Melun;2089
77289;Melz-sur-Seine;11
77290;Méry-sur-Marne;45
77291;Le Mesnil-Amelot;45
77292;Messy;47
77293;Misy-sur-Yonne;34
77294;Mitry-Mory;452
77295;Moisenay;30
77296;Moissy-Cramayel;257
77297;Mondreville;23
77298;Mons-en-Montois;13
77300;Montceaux-lès-Meaux;17
77301;Montceaux-lès-Provins;15
77302;Moncourt-Fromonville;49
77303;Montdauphin;10
77304;Montenils;4
77305;Montereau-Fault-Yonne;590
77306;Montereau-sur-le-Jard;9
77307;Montévrain;339
77308;Montgé-en-Goële;30
77309;Monthyon;30
77310;Montigny-le-Guesdier;12
77311;Montigny-Lencoup;55
77312;Montigny-sur-Loing;232
77313;Montmachoux;8
77314;Montolivet;6
77315;Montry;130
77316;Moret-Loing-et-Orvanne;454
77317;Mormant;116
77318;Mortcerf;52
77319;Mortery;4
77320;Mouroux;189
77321;Mousseaux-lès-Bray;30
77322;Moussy-le-Neuf;55
77323;Moussy-le-Vieux;56
77325;Mouy-sur-Seine;14
77326;Nandy;68
77327;Nangis;375
77328;Nanteau-sur-Essonne;17
77329;Nanteau-sur-Lunain;29
77330;Nanteuil-lès-Meaux;269
77331;Nanteuil-sur-Marne;24
77332;Nantouillet;10
77333;Nemours;741
77335;Chauconin-Neufmontiers;48
77336;Neufmoutiers-en-Brie;35
77337;Noisiel;153
77338;Noisy-Rudignon;18
77339;Noisy-sur-École;79
77340;Nonville;25
77341;Noyen-sur-Seine;17
77342;Obsonville;11
77343;Ocquerre;14
77344;Oissery;33
77345;Orly-sur-Morin;31
77347;Les Ormes-sur-Voulzie;27
77348;Ormesson;4
77349;Othis;63
77350;Ozoir-la-Ferrière;510
77352;Ozouer-le-Voulgis;46
77353;Paley;21
77354;Pamfou;12
77355;Paroy;4
77356;Passy-sur-Seine;1
77357;Pécy;18
77358;Penchard;14
77359;Perthes;47
77360;Pézarches;8
77361;Pierre-Levée;15
77363;Le Pin;43
77364;Le Plessis-aux-Bois;5
77365;Le Plessis-Feu-Aussoux;11
77366;Le Plessis-l'Évêque;3
77367;Le Plessis-Placy;7
77368;Poigny;9
77369;Poincy;10
77370;Poligny;46
77371;Pommeuse;111
77372;Pomponne;124
77373;Pontault-Combault;663
77374;Pontcarré;68
77376;Précy-sur-Marne;25
77377;Presles-en-Brie;37
77378;Pringy;60
77379;Provins;718
77380;Puisieux;7
77381;Quiers;5
77382;Quincy-Voisins;139
77383;Rampillon;17
77384;Réau;111
77385;Rebais;114
77386;Recloses;48
77387;Remauville;16
77388;Reuil-en-Brie;16
77389;La Rochette;109
77390;Roissy-en-Brie;241
77391;Rouilly;16
77392;Rouvres;36
77393;Rozay-en-Brie;88
77394;Rubelles;68
77395;Rumont;1
77396;Rupéreux;6
77397;Saâcy-sur-Marne;122
77398;Sablonnières;29
77400;Saint-Augustin;45
77401;Sainte-Aulde;34
77402;Saint-Barthélemy;9
77403;Saint-Brice;31
77404;Sainte-Colombe;60
77405;Saint-Cyr-sur-Morin;82
77406;Saint-Denis-lès-Rebais;20
77407;Saint-Fargeau-Ponthierry;518
77408;Saint-Fiacre;10
77409;Saint-Germain-Laval;37
77410;Saint-Germain-Laxis;9
77411;Saint-Germain-sous-Doue;12
77412;Saint-Germain-sur-École;15
77413;Saint-Germain-sur-Morin;69
77414;Saint-Hilliers;24
77415;Saint-Jean-les-Deux-Jumeaux;46
77416;Saint-Just-en-Brie;1
77417;Saint-Léger;8
77418;Saint-Loup-de-Naud;28
77419;Saint-Mammès;154
77420;Saint-Mard;80
77421;Saint-Mars-Vieux-Maisons;14
77423;Saint-Martin-des-Champs;29
77424;Saint-Martin-du-Boschet;11
77425;Saint-Martin-en-Bière;40
77426;Saint-Méry;26
77427;Saint-Mesmes;4
77428;Saint-Ouen-en-Brie;6
77429;Saint-Ouen-sur-Morin;17
77430;Saint-Pathus;90
77431;Saint-Pierre-lès-Nemours;196
77432;Saint-Rémy-de-la-Vanne;29
77433;Beautheil-Saints;64
77434;Saint-Sauveur-lès-Bray;12
77435;Saint-Sauveur-sur-École;22
77436;Saint-Siméon;24
77437;Saint-Soupplets;88
77438;Saint-Thibault-des-Vignes;123
77439;Salins;22
77440;Sammeron;40
77441;Samois-sur-Seine;70
77442;Samoreau;46
77443;Sancy;1
77444;Sancy-lès-Provins;11
77445;Savigny-le-Temple;430
77446;Savins;30
77447;Seine-Port;54
77448;Sept-Sorts;14
77449;Serris;459
77450;Servon;62
77451;Signy-Signets;15
77452;Sigy;1
77453;Sivry-Courtry;13
77454;Sognolles-en-Montois;10
77455;Soignolles-en-Brie;27
77456;Soisy-Bouy;35
77457;Solers;41
77458;Souppes-sur-Loing;464
77459;Sourdun;54
77460;Tancrou;7
77461;Thénisy;14
77462;Thieux;52
77463;Thomery;132
77464;Thorigny-sur-Marne;358
77465;Thoury-Férottes;37
77466;Tigeaux;14
77467;La Tombe;12
77468;Torcy;358
77469;Touquin;35
77470;Tournan-en-Brie;184
77471;Tousson;21
77472;La Trétoire;18
77473;Treuzy-Levelay;15
77474;Trilbardou;31
77475;Trilport;115
77476;Trocy-en-Multien;10
77477;Ury;38
77478;Ussy-sur-Marne;35
77479;Vaires-sur-Marne;238
77480;Valence-en-Brie;36
77481;Vanvillé;0
77482;Varennes-sur-Seine;79
77483;Varreddes;69
77484;Vaucourtois;5
77485;Le Vaudoué;38
77486;Vaudoy-en-Brie;22
77487;Vaux-le-Pénil;236
77489;Vaux-sur-Lunain;8
77490;Vendrest;27
77492;Verdelot;39
77493;Verneuil-l'Étang;45
77494;Vernou-la-Celle-sur-Seine;68
77495;Vert-Saint-Denis;172
77496;Vieux-Champagne;8
77498;Vignely;3
77500;Villebéon;22
77501;Villecerf;32
77504;Villemaréchal;31
77505;Villemareuil;7
77506;Villemer;30
77507;Villenauxe-la-Petite;16
77508;Villeneuve-le-Comte;69
77509;Villeneuve-les-Bordes;15
77510;Villeneuve-Saint-Denis;54
77511;Villeneuve-sous-Dammartin;37
77512;Villeneuve-sur-Bellot;68
77513;Villenoy;185
77514;Villeparisis;817
77515;Villeroy;14
77516;Ville-Saint-Jacques;25
77517;Villevaudé;50
77518;Villiers-en-Bière;7
77519;Villiers-Saint-Georges;82
77520;Villiers-sous-Grez;24
77521;Villiers-sur-Morin;109
77522;Villiers-sur-Seine;11
77523;Villuis;6
77524;Vimpelles;38
77525;Vinantes;7
77526;Vincy-Manœuvre;4
77527;Voinsles;15
77528;Voisenon;24
77529;Voulangis;44
77530;Voulton;9
77531;Voulx;172
77532;Vulaines-lès-Provins;5
77533;Vulaines-sur-Seine;61
77534;Yèbles;10
78003;Ablis;90
78005;Achères;510
78006;Adainville;39
78007;Aigremont;15
78009;Allainville;12
78010;Les Alluets-le-Roi;14
78013;Andelu;7
78015;Andrésy;398
78020;Arnouville-lès-Mantes;22
78029;Aubergenville;184
78030;Auffargis;46
78031;Auffreville-Brasseuil;17
78033;Aulnay-sur-Mauldre;42
78034;Auteuil;17
78036;Autouillet;13
78043;Bailly;93
78048;Bazainville;38
78049;Bazemont;33
78050;Bazoches-sur-Guyonne;19
78053;Béhoust;17
78057;Bennecourt;67
78062;Beynes;180
78068;Blaru;24
78070;Boinville-en-Mantois;12
78071;Boinville-le-Gaillard;22
78072;Boinvilliers;8
78073;Bois-d'Arcy;344
78076;Boissets;8
78077;La Boissière-École;32
78082;Boissy-Mauvoisin;13
78084;Boissy-sans-Avoir;19
78087;Bonnelles;42
78089;Bonnières-sur-Seine;222
78090;Bouafle;66
78092;Bougival;347
78096;Bourdonné;20
78104;Breuil-Bois-Robert;19
78107;Bréval;64
78108;Les Bréviaires;70
78113;Brueil-en-Vexin;22
78117;Buc;123
78118;Buchelay;47
78120;Bullion;36
78123;Carrières-sous-Poissy;509
78124;Carrières-sur-Seine;329
78125;La Celle-les-Bordes;21
78126;La Celle-Saint-Cloud;563
78128;Cernay-la-Ville;52
78133;Chambourcy;184
78138;Chanteloup-les-Vignes;174
78140;Chapet;17
78143;Châteaufort;41
78146;Chatou;1055
78147;Chaufour-lès-Bonnières;16
78152;Chavenay;44
78158;Le Chesnay-Rocquencourt;1124
78160;Chevreuse;230
78162;Choisel;23
78163;Civry-la-Forêt;9
78164;Clairefontaine-en-Yvelines;27
78165;Les Clayes-sous-Bois;321
78168;Coignières;100
78171;Condé-sur-Vesgre;26
78172;Conflans-Sainte-Honorine;962
78185;Courgent;5
78188;Cravent;15
78189;Crespières;51
78190;Croissy-sur-Seine;291
78192;Dammartin-en-Serve;26
78193;Dampierre-en-Yvelines;39
78194;Dannemarie;6
78196;Davron;11
78202;Drocourt;9
78206;Ecquevilly;144
78208;Élancourt;606
78209;Émancé;31
78217;Épône;179
78220;Les Essarts-le-Roi;153
78224;L'Étang-la-Ville;154
78227;Évecquemont;23
78230;La Falaise;21
78231;Favrieux;1
78233;Feucherolles;55
78234;Flacourt;0
78236;Flexanville;12
78237;Flins-Neuve-Église;2
78238;Flins-sur-Seine;91
78239;Follainville-Dennemont;87
78242;Fontenay-le-Fleury;499
78245;Fontenay-Mauvoisin;1
78246;Fontenay-Saint-Père;44
78255;Freneuse;116
78261;Gaillon-sur-Montcient;16
78262;Galluis;38
78263;Gambais;52
78264;Gambaiseuil;2
78265;Garancières;48
78267;Gargenville;216
78269;Gazeran;34
78276;Gommecourt;19
78278;Goupillières;7
78281;Goussonville;38
78283;Grandchamp;11
78285;Gressey;11
78289;Grosrouvre;44
78290;Guernes;35
78291;Guerville;73
78296;Guitrancourt;19
78297;Guyancourt;540
78299;Hardricourt;123
78300;Hargeville;15
78302;La Hauteville;13
78305;Herbeville;10
78307;Hermeray;58
78310;Houdan;280
78311;Houilles;888
78314;Issou;79
78317;Jambville;25
78320;Notre-Dame-de-la-Mer;19
78321;Jouars-Pontchartrain;168
78322;Jouy-en-Josas;146
78324;Jouy-Mauvoisin;4
78325;Jumeauville;30
78327;Juziers;115
78329;Lainville-en-Vexin;10
78334;Lévis-Saint-Nom;32
78335;Limay;459
78337;Limetz-Villez;49
78343;Les Loges-en-Josas;42
78344;Lommoye;15
78346;Longnes;55
78349;Longvilliers;14
78350;Louveciennes;475
78354;Magnanville;80
78356;Magny-les-Hameaux;105
78358;Maisons-Laffitte;940
78361;Mantes-la-Jolie;911
78362;Mantes-la-Ville;550
78364;Marcq;19
78366;Mareil-le-Guyon;15
78367;Mareil-Marly;76
78368;Mareil-sur-Mauldre;46
78372;Marly-le-Roi;508
78380;Maule;193
78381;Maulette;22
78382;Maurecourt;83
78383;Maurepas;515
78384;Médan;46
78385;Ménerville;6
78389;Méré;43
78391;Méricourt;13
78396;Le Mesnil-le-Roi;137
78397;Le Mesnil-Saint-Denis;152
78398;Les Mesnuls;32
78401;Meulan-en-Yvelines;393
78402;Mézières-sur-Seine;115
78403;Mézy-sur-Seine;64
78404;Millemont;1
78406;Milon-la-Chapelle;2
78407;Mittainville;6
78410;Moisson;37
78413;Mondreville;6
78415;Montainville;17
78416;Montalet-le-Bois;8
78417;Montchauvet;4
78418;Montesson;369
78420;Montfort-l'Amaury;94
78423;Montigny-le-Bretonneux;585
78431;Morainvilliers;50
78437;Mousseaux-sur-Seine;23
78439;Mulcent;6
78440;Les Mureaux;577
78442;Neauphle-le-Château;116
78443;Neauphle-le-Vieux;40
78444;Neauphlette;7
78451;Nézel;35
78455;Noisy-le-Roi;208
78460;Oinville-sur-Montcient;30
78464;Orcemont;11
78465;Orgerus;61
78466;Orgeval;182
78470;Orphin;28
78472;Orsonville;3
78474;Orvilliers;25
78475;Osmoy;16
78478;Paray-Douaville;8
78481;Le Pecq;641
78484;Perdreauville;19
78486;Le Perray-en-Yvelines;174
78490;Plaisir;736
78497;Poigny-la-Forêt;13
78498;Poissy;982
78499;Ponthévrard;8
78501;Porcheville;74
78502;Le Port-Marly;147
78505;Prunay-le-Temple;8
78506;Prunay-en-Yvelines;49
78513;La Queue-les-Yvelines;84
78516;Raizeux;24
78517;Rambouillet;900
78518;Rennemoulin;5
78520;Richebourg;20
78522;Rochefort-en-Yvelines;39
78528;Rolleboise;18
78530;Rosay;20
78531;Rosny-sur-Seine;193
78536;Sailly;8
78537;Saint-Arnoult-en-Yvelines;206
78545;Saint-Cyr-l'École;790
78548;Saint-Forget;18
78550;Saint-Germain-de-la-Grange;37
78551;Saint-Germain-en-Laye;992
78557;Saint-Hilarion;26
78558;Saint-Illiers-la-Ville;7
78559;Saint-Illiers-le-Bois;26
78561;Saint-Lambert;7
78562;Saint-Léger-en-Yvelines;65
78564;Saint-Martin-de-Bréthencourt;27
78565;Saint-Martin-des-Champs;11
78567;Saint-Martin-la-Garenne;49
78569;Sainte-Mesme;22
78571;Saint-Nom-la-Bretèche;170
78575;Saint-Rémy-lès-Chevreuse;266
78576;Saint-Rémy-l'Honoré;36
78586;Sartrouville;1226
78588;Saulx-Marchais;20
78590;Senlisse;20
78591;Septeuil;87
78597;Soindres;14
78601;Sonchamp;58
78605;Tacoignières;48
78606;Le Tartre-Gaudran;0
78608;Le Tertre-Saint-Denis;1
78609;Tessancourt-sur-Aubette;10
78615;Thiverval-Grignon;12
78616;Thoiry;39
78618;Tilly;18
78620;Toussus-le-Noble;6
78621;Trappes;833
78623;Le Tremblay-sur-Mauldre;37
78624;Triel-sur-Seine;344
78638;Vaux-sur-Seine;149
78640;Vélizy-Villacoublay;956
78642;Verneuil-sur-Seine;308
78643;Vernouillet;244
78644;La Verrière;113
78646;Versailles;3567
78647;Vert;18
78650;Le Vésinet;605
78653;Vicq;22
78655;Vieille-Église-en-Yvelines;18
78668;La Villeneuve-en-Chevrie;17
78672;Villennes-sur-Seine;181
78674;Villepreux;210
78677;Villette;17
78681;Villiers-le-Mahieu;8
78683;Villiers-Saint-Frédéric;64
78686;Viroflay;540
78688;Voisins-le-Bretonneux;140
91001;Abbéville-la-Rivière;8
91016;Angerville;216
91017;Angervilliers;44
91021;Arpajon;484
91022;Arrancourt;3
91027;Athis-Mons;974
91035;Authon-la-Plaine;9
91037;Auvernaux;13
91038;Auvers-Saint-Georges;30
91041;Avrainville;28
91044;Ballainvilliers;151
91045;Ballancourt-sur-Essonne;273
91047;Baulne;50
91064;Bièvres;114
91067;Blandy;1
91069;Boigneville;15
91075;Bois-Herpin;5
91079;Boissy-la-Rivière;14
91080;Boissy-le-Cutté;26
91081;Boissy-le-Sec;17
91085;Boissy-sous-Saint-Yon;82
91086;Bondoufle;231
91093;Boullay-les-Troux;13
91095;Bouray-sur-Juine;46
91097;Boussy-Saint-Antoine;209
91098;Boutervilliers;6
91099;Boutigny-sur-Essonne;97
91100;Bouville;24
91103;Brétigny-sur-Orge;821
91105;Breuillet;191
91106;Breux-Jouy;28
91109;Brières-les-Scellés;21
91111;Briis-sous-Forges;71
91112;Brouy;8
91114;Brunoy;675
91115;Bruyères-le-Châtel;139
91121;Buno-Bonnevaux;14
91122;Bures-sur-Yvette;347
91129;Cerny;104
91130;Chalo-Saint-Mars;48
91131;Chalou-Moulineux;17
91132;Chamarande;31
91135;Champcueil;52
91136;Champlan;62
91137;Champmotteux;6
91145;Chatignonville;5
91148;Chauffour-lès-Étréchy;1
91156;Cheptainville;44
91159;Chevannes;50
91161;Chilly-Mazarin;601
91174;Corbeil-Essonnes;2365
91175;Corbreuse;39
91179;Le Coudray-Montceaux;119
91180;Courances;10
91184;Courdimanche-sur-Essonne;5
91186;Courson-Monteloup;12
91191;Crosne;327
91195;Dannemois;33
91198;D'Huison-Longueville;28
91200;Dourdan;395
91201;Draveil;626
91204;Écharcon;9
91207;Égly;112
91215;Épinay-sous-Sénart;333
91216;Épinay-sur-Orge;328
91223;Étampes;1304
91225;Étiolles;115
91226;Étréchy;192
91228;Évry-Courcouronnes;1657
91232;La Ferté-Alais;219
91235;Fleury-Mérogis;336
91240;Fontaine-la-Rivière;4
91243;Fontenay-lès-Briis;85
91244;Fontenay-le-Vicomte;30
91247;La Forêt-le-Roi;12
91248;La Forêt-Sainte-Croix;6
91249;Forges-les-Bains;127
91272;Gif-sur-Yvette;727
91273;Gironville-sur-Essonne;26
91274;Gometz-la-Ville;31
91275;Gometz-le-Châtel;88
91284;Les Granges-le-Roi;23
91286;Grigny;1026
91292;Guibeville;8
91293;Guigneville-sur-Essonne;19
91294;Guillerval;28
91312;Igny;286
91315;Itteville;145
91318;Janville-sur-Juine;64
91319;Janvry;23
91326;Juvisy-sur-Orge;598
91330;Lardy;175
91332;Leudeville;36
91333;Leuville-sur-Orge;134
91338;Limours;156
91339;Linas;203
91340;Lisses;111
91345;Longjumeau;858
91347;Longpont-sur-Orge;253
91359;Maisse;100
91363;Marcoussis;179
91374;Marolles-en-Beauce;2
91376;Marolles-en-Hurepoix;97
91377;Massy;962
91378;Mauchamps;14
91386;Mennecy;338
91390;Le Mérévillois;104
91393;Mérobert;17
91399;Mespuits;12
91405;Milly-la-Forêt;172
91408;Moigny-sur-École;40
91411;Les Molières;20
91412;Mondeville;12
91414;Monnerville;12
91421;Montgeron;740
91425;Montlhéry;405
91432;Morangis;398
91433;Morigny-Champigny;68
91434;Morsang-sur-Orge;900
91435;Morsang-sur-Seine;9
91441;Nainville-les-Roches;6
91457;La Norville;48
91458;Nozay;53
91461;Ollainville;91
91463;Oncy-sur-École;16
91468;Ormoy;101
91469;Ormoy-la-Rivière;50
91471;Orsay;660
91473;Orveau;6
91477;Palaiseau;1214
91479;Paray-Vieille-Poste;260
91482;Pecqueuse;32
91494;Le Plessis-Pâté;58
91495;Plessis-Saint-Benoist;12
91507;Prunay-sur-Essonne;4
91508;Puiselet-le-Marais;12
91511;Pussay;136
91514;Quincy-sous-Sénart;336
91519;Richarville;4
91521;Ris-Orangis;752
91525;Roinville;20
91526;Roinvilliers;0
91533;Saclas;65
91534;Saclay;81
91538;Saint-Aubin;11
91540;Saint-Chéron;168
91544;Saint-Cyr-la-Rivière;26
91546;Saint-Cyr-sous-Dourdan;54
91547;Saint-Escobille;16
91549;Sainte-Geneviève-des-Bois;562
91552;Saint-Germain-lès-Arpajon;189
91553;Saint-Germain-lès-Corbeil;104
91556;Saint-Hilaire;14
91560;Saint-Jean-de-Beauregard;7
91568;Saint-Maurice-Montcouronne;26
91570;Saint-Michel-sur-Orge;734
91573;Saint-Pierre-du-Perray;99
91577;Saintry-sur-Seine;204
91578;Saint-Sulpice-de-Favières;24
91579;Saint-Vrain;70
91581;Saint-Yon;24
91587;Saulx-les-Chartreux;193
91589;Savigny-sur-Orge;1504
91593;Sermaise;78
91599;Soisy-sur-École;282
91600;Soisy-sur-Seine;207
91602;Souzy-la-Briche;2
91613;Congerville-Thionville;4
91617;Tigery;56
91619;Torfou;6
91629;Valpuiseaux;28
91630;Le Val-Saint-Germain;51
91631;Varennes-Jarcy;57
91634;Vaugrigneuse;45
91635;Vauhallan;43
91639;Vayres-sur-Essonne;18
91645;Verrières-le-Buisson;379
91648;Vert-le-Grand;49
91649;Vert-le-Petit;122
91654;Videlles;31
91657;Vigneux-sur-Seine;800
91659;Villabé;192
91661;Villebon-sur-Yvette;231
91662;Villeconin;10
91665;La Ville-du-Bois;158
91666;Villejust;87
91667;Villemoisson-sur-Orge;167
91671;Villeneuve-sur-Auvers;13
91679;Villiers-le-Bâcle;66
91685;Villiers-sur-Orge;3
91687;Viry-Châtillon;1753
91689;Wissous;235
91691;Yerres;720
91692;Les Ulis;483
92002;Antony;2122
92004;Asnières-sur-Seine;4038
92007;Bagneux;982
92009;Bois-Colombes;1028
92012;Boulogne-Billancourt;4545
92014;Bourg-la-Reine;800
92019;Châtenay-Malabry;1036
92020;Châtillon;982
92022;Chaville;636
92023;Clamart;1614
92024;Clichy;1377
92025;Colombes;2349
92026;Courbevoie;4395
92032;Fontenay-aux-Roses;664
92033;Garches;598
92035;La Garenne-Colombes;1226
92036;Gennevilliers;853
92040;Issy-les-Moulineaux;2815
92044;Levallois-Perret;2177
92046;Malakoff;982
92047;Marnes-la-Coquette;53
92048;Meudon;1420
92049;Montrouge;2264
92050;Nanterre;2046
92051;Neuilly-sur-Seine;2972
92060;Le Plessis-Robinson;666
92062;Puteaux;2416
92063;Rueil-Malmaison;2616
92064;Saint-Cloud;1096
92071;Sceaux;417
92072;Sèvres;503
92073;Suresnes;1654
92075;Vanves;1148
92076;Vaucresson;234
92077;Ville-d'Avray;359
92078;Villeneuve-la-Garenne;267
93001;Aubervilliers;2224
93005;Aulnay-sous-Bois;1397
93006;Bagnolet;1243
93007;Le Blanc-Mesnil;1121
93008;Bobigny;987
93010;Bondy;2166
93013;Le Bourget;840
93014;Clichy-sous-Bois;500
93015;Coubron;168
93027;La Courneuve;828
93029;Drancy;2150
93030;Dugny;254
93031;Épinay-sur-Seine;1361
93032;Gagny;809
93033;Gournay-sur-Marne;188
93039;L'Île-Saint-Denis;157
93045;Les Lilas;952
93046;Livry-Gargan;1505
93047;Montfermeil;381
93048;Montreuil;3072
93049;Neuilly-Plaisance;591
93050;Neuilly-sur-Marne;594
93051;Noisy-le-Grand;1637
93053;Noisy-le-Sec;1074
93055;Pantin;1164
93057;Les Pavillons-sous-Bois;789
93061;Le Pré-Saint-Gervais;795
93062;Le Raincy;616
93063;Romainville;854
93064;Rosny-sous-Bois;2155
93066;Saint-Denis;4236
93070;Saint-Ouen-sur-Seine;2653
93071;Sevran;867
93072;Stains;934
93073;Tremblay-en-France;692
93074;Vaujours;244
93077;Villemomble;1013
93078;Villepinte;540
93079;Villetaneuse;282
94001;Ablon-sur-Seine;234
94002;Alfortville;1687
94003;Arcueil;656
94004;Boissy-Saint-Léger;447
94011;Bonneuil-sur-Marne;260
94015;Bry-sur-Marne;437
94016;Cachan;804
94017;Champigny-sur-Marne;1849
94018;Charenton-le-Pont;1302
94019;Chennevières-sur-Marne;533
94021;Chevilly-Larue;575
94022;Choisy-le-Roi;1159
94028;Créteil;1575
94033;Fontenay-sous-Bois;1751
94034;Fresnes;722
94037;Gentilly;668
94038;L'Haÿ-les-Roses;940
94041;Ivry-sur-Seine;2092
94042;Joinville-le-Pont;493
94043;Le Kremlin-Bicêtre;1193
94044;Limeil-Brévannes;750
94046;Maisons-Alfort;2119
94047;Mandres-les-Roses;102
94048;Marolles-en-Brie;54
94052;Nogent-sur-Marne;1570
94053;Noiseau;74
94054;Orly;474
94055;Ormesson-sur-Marne;197
94056;Périgny;17
94058;Le Perreux-sur-Marne;1468
94059;Le Plessis-Trévise;153
94060;La Queue-en-Brie;159
94065;Rungis;188
94067;Saint-Mandé;1084
94068;Saint-Maur-des-Fossés;2470
94069;Saint-Maurice;521
94070;Santeny;71
94071;Sucy-en-Brie;48
94073;Thiais;609
94074;Valenton;148
94075;Villecresnes;152
94076;Villejuif;1925
94077;Villeneuve-le-Roi;358
94078;Villeneuve-Saint-Georges;969
94079;Villiers-sur-Marne;583
94080;Vincennes;1832
94081;Vitry-sur-Seine;2058
95002;Ableiges;38
95008;Aincourt;50
95011;Ambleville;20
95012;Amenucourt;6
95014;Andilly;139
95018;Argenteuil;2922
95019;Arnouville;325
95023;Arronville;16
95024;Arthies;10
95026;Asnières-sur-Oise;98
95028;Attainville;18
95039;Auvers-sur-Oise;182
95040;Avernes;26
95042;Baillet-en-France;38
95046;Banthelu;4
95051;Beauchamp;176
95052;Beaumont-sur-Oise;323
95054;Le Bellay-en-Vexin;16
95055;Bellefontaine;12
95056;Belloy-en-France;38
95058;Bernes-sur-Oise;28
95059;Berville;7
95060;Bessancourt;293
95061;Béthemont-la-Forêt;13
95063;Bezons;1266
95074;Boisemont;19
95078;Boissy-l'Aillerie;36
95088;Bonneuil-en-France;20
95091;Bouffémont;76
95094;Bouqueval;11
95101;Bray-et-Lû;18
95102;Bréançon;8
95110;Brignancourt;4
95116;Bruyères-sur-Oise;59
95119;Buhy;15
95120;Butry-sur-Oise;44
95127;Cergy;2443
95134;Champagne-sur-Oise;182
95139;La Chapelle-en-Vexin;11
95141;Charmont;2
95142;Chars;80
95144;Châtenay-en-France;0
95149;Chaumontel;62
95150;Chaussy;11
95151;Chauvry;8
95154;Chennevières-lès-Louvres;8
95157;Chérence;12
95166;Cléry-en-Vexin;9
95169;Commeny;7
95170;Condécourt;14
95176;Cormeilles-en-Parisis;782
95177;Cormeilles-en-Vexin;33
95181;Courcelles-sur-Viosne;6
95183;Courdimanche;158
95197;Deuil-la-Barre;1092
95199;Domont;367
95203;Eaubonne;657
95205;Écouen;120
95210;Enghien-les-Bains;616
95211;Ennery;96
95212;Épiais-lès-Louvres;8
95213;Épiais-Rhus;10
95214;Épinay-Champlâtreux;4
95218;Éragny;334
95219;Ermont;474
95229;Ézanville;200
95241;Fontenay-en-Parisis;45
95250;Fosses;140
95252;Franconville;780
95253;Frémainville;10
95254;Frémécourt;14
95256;Frépillon;71
95257;La Frette-sur-Seine;225
95258;Frouville;7
95268;Garges-lès-Gonesse;522
95270;Genainville;29
95271;Génicourt;17
95277;Gonesse;411
95280;Goussainville;704
95287;Grisy-les-Plâtres;41
95288;Groslay;221
95295;Guiry-en-Vexin;7
95298;Haravilliers;16
95301;Haute-Isle;11
95303;Le Heaulme;4
95304;Hédouville;6
95306;Herblay-sur-Seine;1217
95308;Hérouville-en-Vexin;19
95309;Hodent;12
95313;L'Isle-Adam;408
95316;Jagny-sous-Bois;10
95323;Jouy-le-Moutier;293
95328;Labbeville;9
95331;Lassy;5
95341;Livilliers;14
95348;Longuesse;11
95351;Louvres;235
95352;Luzarches;194
95353;Maffliers;57
95355;Magny-en-Vexin;221
95365;Mareil-en-France;24
95369;Margency;56
95370;Marines;112
95371;Marly-la-Ville;93
95379;Maudétour-en-Vexin;8
95387;Menouville;5
95388;Menucourt;68
95392;Mériel;108
95394;Méry-sur-Oise;264
95395;Le Mesnil-Aubry;20
95409;Moisselles;41
95422;Montgeroult;19
95424;Montigny-lès-Cormeilles;294
95426;Montlignon;71
95427;Montmagny;387
95428;Montmorency;822
95429;Montreuil-sur-Epte;10
95430;Montsoult;70
95436;Mours;23
95438;Moussy;6
95445;Nerville-la-Forêt;16
95446;Nesles-la-Vallée;55
95447;Neuilly-en-Vexin;11
95450;Neuville-sur-Oise;80
95452;Nointel;16
95456;Noisy-sur-Oise;39
95459;Nucourt;18
95462;Omerville;6
95476;Osny;318
95480;Parmain;190
95483;Le Perchay;3
95487;Persan;295
95488;Pierrelaye;226
95489;Piscop;15
95491;Le Plessis-Bouchard;168
95492;Le Plessis-Gassot;3
95493;Le Plessis-Luzarches;2
95500;Pontoise;1316
95504;Presles;78
95509;Puiseux-en-France;49
95510;Puiseux-Pontoise;14
95523;La Roche-Guyon;12
95527;Roissy-en-France;129
95529;Ronquerolles;20
95535;Sagy;28
95539;Saint-Brice-sous-Forêt;287
95541;Saint-Clair-sur-Epte;34
95543;Saint-Cyr-en-Arthies;4
95554;Saint-Gervais;26
95555;Saint-Gratien;621
95563;Saint-Leu-la-Forêt;439
95566;Saint-Martin-du-Tertre;44
95572;Saint-Ouen-l'Aumône;365
95574;Saint-Prix;184
95580;Saint-Witz;56
95582;Sannois;683
95584;Santeuil;10
95585;Sarcelles;1101
95592;Seraincourt;42
95594;Seugy;24
95598;Soisy-sous-Montmorency;548
95604;Survilliers;104
95607;Taverny;750
95610;Théméricourt;5
95611;Theuville;17
95612;Le Thillay;80
95625;Us;32
95627;Vallangoujard;17
95628;Valmondois;38
95633;Vaudherland;8
95637;Vauréal;297
95641;Vémars;71
95651;Vétheuil;61
95652;Viarmes;53
95656;Vienne-en-Arthies;25
95658;Vigny;38
95660;Villaines-sous-Bois;14
95675;Villeron;47
95676;Villers-en-Arthies;21
95678;Villiers-Adam;24
95680;Villiers-le-Bel;593
95682;Villiers-le-Sec;9
95690;Wy-dit-Joli-Village;10